student_id,method,status,constraints_ok,required_coverage_pct,priority_score,quota_fill_pct,total_credits,processing_time_ms,explanation_rate_pct
65134542,Rule + Semester Order,OK,True,19.05,82500,14.29,15,2.85,100.0
65134542,Greedy Heuristic,OK,True,19.05,82500,14.29,15,2.476,100.0
65134542,Heuristic + Beam Search,OK,True,19.05,82500,14.29,15,6.57,100.0
65130011,Rule + Semester Order,OK,True,9.09,41000,0.0,6,0.701,100.0
65130011,Greedy Heuristic,OK,True,9.09,41000,0.0,6,1.13,100.0
65130011,Heuristic + Beam Search,OK,True,9.09,41000,0.0,6,1.818,100.0
65130081,Rule + Semester Order,OK,True,13.64,62000,14.29,12,1.524,100.0
65130081,Greedy Heuristic,OK,True,13.64,62000,14.29,12,1.466,100.0
65130081,Heuristic + Beam Search,OK,True,13.64,62000,14.29,12,3.557,100.0
65130193,Rule + Semester Order,OK,True,11.11,71400,14.29,11,1.547,100.0
65130193,Greedy Heuristic,OK,True,11.11,71400,14.29,11,1.484,100.0
65130193,Heuristic + Beam Search,OK,True,11.11,71400,14.29,11,4.451,100.0
65130230,Rule + Semester Order,OK,True,15.0,62000,14.29,12,2.387,100.0
65130230,Greedy Heuristic,OK,True,15.0,62000,14.29,12,2.305,100.0
65130230,Heuristic + Beam Search,OK,True,15.0,62000,14.29,12,5.948,100.0
65130239,Rule + Semester Order,OK,True,19.05,82500,14.29,15,1.812,100.0
65130239,Greedy Heuristic,OK,True,19.05,82500,14.29,15,0.809,100.0
65130239,Heuristic + Beam Search,OK,True,19.05,82500,14.29,15,7.692,100.0
65130248,Rule + Semester Order,OK,True,13.73,203750,57.14,25,3.821,100.0
65130248,Greedy Heuristic,OK,True,13.73,204150,57.14,27,2.775,100.0
65130248,Heuristic + Beam Search,OK,True,13.73,204150,57.14,27,14.525,100.0
65130306,Rule + Semester Order,OK,True,15.0,62000,14.29,12,1.788,100.0
65130306,Greedy Heuristic,OK,True,15.0,62000,14.29,12,0.842,100.0
65130306,Heuristic + Beam Search,OK,True,15.0,62000,14.29,12,2.023,100.0
65130341,Rule + Semester Order,OK,True,11.54,62000,14.29,12,1.586,100.0
65130341,Greedy Heuristic,OK,True,11.54,62000,14.29,12,1.57,100.0
65130341,Heuristic + Beam Search,OK,True,11.54,62000,14.29,12,2.773,100.0
65130350,Rule + Semester Order,OK,True,7.5,82100,42.86,16,1.788,100.0
65130350,Greedy Heuristic,OK,True,7.5,82100,42.86,16,1.736,100.0
65130350,Heuristic + Beam Search,OK,True,7.5,82100,42.86,16,4.996,100.0
65130374,Rule + Semester Order,OK,True,7.89,82350,57.14,16,1.349,100.0
65130374,Greedy Heuristic,OK,True,7.89,82350,57.14,16,3.109,100.0
65130374,Heuristic + Beam Search,OK,True,7.89,82350,57.14,16,10.969,100.0
65130386,Rule + Semester Order,OK,True,3.45,22000,42.86,11,0.701,100.0
65130386,Greedy Heuristic,OK,True,3.45,22000,42.86,11,0.816,100.0
65130386,Heuristic + Beam Search,OK,True,3.45,22000,42.86,11,4.195,100.0
65130387,Rule + Semester Order,OK,True,10.53,41500,14.29,9,1.426,100.0
65130387,Greedy Heuristic,OK,True,10.53,41500,14.29,9,1.392,100.0
65130387,Heuristic + Beam Search,OK,True,10.53,41500,14.29,9,2.37,100.0
65130390,Rule + Semester Order,OK,True,4.55,20500,0.0,3,0.966,100.0
65130390,Greedy Heuristic,OK,True,4.55,20500,0.0,3,0.928,100.0
65130390,Heuristic + Beam Search,OK,True,4.55,20500,0.0,3,1.729,100.0
65130423,Rule + Semester Order,OK,True,13.04,62000,14.29,12,0.704,100.0
65130423,Greedy Heuristic,OK,True,13.04,62000,14.29,12,0.598,100.0
65130423,Heuristic + Beam Search,OK,True,13.04,62000,14.29,12,2.336,100.0
65130418,Rule + Semester Order,OK,True,11.86,213200,57.14,25,1.826,100.0
65130418,Greedy Heuristic,OK,True,16.95,293600,0.0,27,1.816,100.0
65130418,Heuristic + Beam Search,OK,True,16.95,293600,0.0,27,11.548,100.0
65130432,Rule + Semester Order,OK,True,19.05,82500,14.29,15,1.344,100.0
65130432,Greedy Heuristic,OK,True,19.05,82500,14.29,15,1.358,100.0
65130432,Heuristic + Beam Search,OK,True,19.05,82500,14.29,15,4.533,100.0
65130449,Rule + Semester Order,OK,True,15.0,62000,14.29,12,1.412,100.0
65130449,Greedy Heuristic,OK,True,15.0,62000,14.29,12,1.366,100.0
65130449,Heuristic + Beam Search,OK,True,15.0,62000,14.29,12,3.344,100.0
65130478,Rule + Semester Order,OK,True,19.05,82500,14.29,15,1.23,100.0
65130478,Greedy Heuristic,OK,True,19.05,82500,14.29,15,0.706,100.0
65130478,Heuristic + Beam Search,OK,True,19.05,82500,14.29,15,3.015,100.0
65130484,Rule + Semester Order,OK,True,17.78,234150,28.57,26,1.745,100.0
65130484,Greedy Heuristic,OK,True,17.78,234150,28.57,26,1.723,100.0
65130484,Heuristic + Beam Search,OK,True,17.78,234150,28.57,26,9.094,100.0
65130568,Rule + Semester Order,OK,True,12.73,203750,57.14,25,1.318,100.0
65130568,Greedy Heuristic,OK,True,12.73,204150,57.14,27,1.348,100.0
65130568,Heuristic + Beam Search,OK,True,12.73,204150,57.14,27,10.529,100.0
65130591,Rule + Semester Order,OK,True,6.45,42500,42.86,14,2.008,100.0
65130591,Greedy Heuristic,OK,True,6.45,42500,42.86,14,1.082,100.0
65130591,Heuristic + Beam Search,OK,True,6.45,42500,42.86,14,2.362,100.0
65130597,Rule + Semester Order,OK,True,15.0,62000,14.29,12,1.073,100.0
65130597,Greedy Heuristic,OK,True,15.0,62000,14.29,12,0.787,100.0
65130597,Heuristic + Beam Search,OK,True,15.0,62000,14.29,12,1.816,100.0
65130650,Rule + Semester Order,OK,True,15.0,61500,0.0,9,0.552,100.0
65130650,Greedy Heuristic,OK,True,15.0,61500,0.0,9,0.658,100.0
65130650,Heuristic + Beam Search,OK,True,15.0,61500,0.0,9,1.473,100.0
65130720,Rule + Semester Order,OK,True,18.18,82500,14.29,15,0.959,100.0
65130720,Greedy Heuristic,OK,True,18.18,82500,14.29,15,0.93,100.0
65130720,Heuristic + Beam Search,OK,True,18.18,82500,14.29,15,2.791,100.0
65130902,Rule + Semester Order,OK,True,15.0,62000,14.29,12,1.249,100.0
65130902,Greedy Heuristic,OK,True,15.0,62000,14.29,12,0.87,100.0
65130902,Heuristic + Beam Search,OK,True,15.0,62000,14.29,12,2.021,100.0
65130985,Rule + Semester Order,OK,True,11.54,71850,14.29,13,0.761,100.0
65130985,Greedy Heuristic,OK,True,11.54,71850,14.29,13,0.761,100.0
65130985,Heuristic + Beam Search,OK,True,11.54,71850,14.29,13,1.728,100.0
65131067,Rule + Semester Order,OK,True,11.63,143300,28.57,20,1.048,100.0
65131067,Greedy Heuristic,OK,True,11.63,143300,28.57,20,0.922,100.0
65131067,Heuristic + Beam Search,OK,True,11.63,143300,28.57,20,2.616,100.0
65131101,Rule + Semester Order,OK,True,22.73,112250,0.0,14,0.763,100.0
65131101,Greedy Heuristic,OK,True,22.73,112250,0.0,14,0.757,100.0
65131101,Heuristic + Beam Search,OK,True,22.73,112250,0.0,14,1.613,100.0
65131131,Rule + Semester Order,OK,True,23.33,184700,28.57,27,0.69,100.0
65131131,Greedy Heuristic,OK,True,23.33,184700,28.57,27,1.33,100.0
65131131,Heuristic + Beam Search,OK,True,23.33,184700,28.57,27,6.381,100.0
65131134,Rule + Semester Order,OK,True,15.0,62000,14.29,12,1.062,100.0
65131134,Greedy Heuristic,OK,True,15.0,62000,14.29,12,0.962,100.0
65131134,Heuristic + Beam Search,OK,True,15.0,62000,14.29,12,2.564,100.0
65131182,Rule + Semester Order,OK,True,19.05,82000,0.0,12,0.771,100.0
65131182,Greedy Heuristic,OK,True,19.05,82000,0.0,12,0.816,100.0
65131182,Heuristic + Beam Search,OK,True,19.05,82000,0.0,12,2.062,100.0
65131264,Rule + Semester Order,OK,True,6.06,51350,28.57,8,1.204,100.0
65131264,Greedy Heuristic,OK,True,6.06,51350,28.57,8,1.164,100.0
65131264,Heuristic + Beam Search,OK,True,6.06,51350,28.57,8,2.76,100.0
65131454,Rule + Semester Order,OK,True,12.28,213200,57.14,25,1.318,100.0
65131454,Greedy Heuristic,OK,True,17.54,293600,0.0,27,1.126,100.0
65131454,Heuristic + Beam Search,OK,True,17.54,293600,0.0,27,9.56,100.0
65131466,Rule + Semester Order,OK,True,8.33,41500,14.29,9,1.083,100.0
65131466,Greedy Heuristic,OK,True,8.33,41500,14.29,9,1.048,100.0
65131466,Heuristic + Beam Search,OK,True,8.33,41500,14.29,9,1.791,100.0
65131482,Rule + Semester Order,OK,True,17.86,112200,0.0,14,0.917,100.0
65131482,Greedy Heuristic,OK,True,17.86,112200,0.0,14,0.954,100.0
65131482,Heuristic + Beam Search,OK,True,17.86,112200,0.0,14,1.374,100.0
65131484,Rule + Semester Order,OK,True,15.0,62000,14.29,12,0.685,100.0
65131484,Greedy Heuristic,OK,True,15.0,62000,14.29,12,0.629,100.0
65131484,Heuristic + Beam Search,OK,True,15.0,62000,14.29,12,1.605,100.0
65131559,Rule + Semester Order,OK,True,15.0,62000,14.29,12,0.674,100.0
65131559,Greedy Heuristic,OK,True,15.0,62000,14.29,12,0.674,100.0
65131559,Heuristic + Beam Search,OK,True,15.0,62000,14.29,12,1.627,100.0
65131561,Rule + Semester Order,OK,True,19.05,82100,14.29,13,0.616,100.0
65131561,Greedy Heuristic,OK,True,19.05,82100,14.29,13,0.88,100.0
65131561,Heuristic + Beam Search,OK,True,19.05,82100,14.29,13,3.694,100.0
65131734,Rule + Semester Order,OK,True,10.53,41500,14.29,9,0.971,100.0
65131734,Greedy Heuristic,OK,True,10.53,41500,14.29,9,1.193,100.0
65131734,Heuristic + Beam Search,OK,True,10.53,41500,14.29,9,2.198,100.0
65131796,Rule + Semester Order,OK,True,14.29,62000,14.29,12,1.008,100.0
65131796,Greedy Heuristic,OK,True,14.29,62000,14.29,12,1.131,100.0
65131796,Heuristic + Beam Search,OK,True,14.29,62000,14.29,12,2.986,100.0
65131875,Rule + Semester Order,OK,True,4.35,21000,14.29,6,0.935,100.0
65131875,Greedy Heuristic,OK,True,4.35,21000,14.29,6,1.165,100.0
65131875,Heuristic + Beam Search,OK,True,4.35,21000,14.29,6,1.964,100.0
65131996,Rule + Semester Order,OK,True,15.0,62000,14.29,12,0.82,100.0
65131996,Greedy Heuristic,OK,True,15.0,62000,14.29,12,0.666,100.0
65131996,Heuristic + Beam Search,OK,True,15.0,62000,14.29,12,1.606,100.0
65132228,Rule + Semester Order,OK,True,19.05,82500,14.29,15,0.729,100.0
65132228,Greedy Heuristic,OK,True,19.05,82500,14.29,15,1.389,100.0
65132228,Heuristic + Beam Search,OK,True,19.05,82500,14.29,15,3.845,100.0
65132295,Rule + Semester Order,OK,True,15.0,62100,28.57,13,1.034,100.0
65132295,Greedy Heuristic,OK,True,15.0,62100,28.57,13,1.289,100.0
65132295,Heuristic + Beam Search,OK,True,15.0,62100,28.57,13,4.813,100.0
65132353,Rule + Semester Order,OK,True,13.79,102100,28.57,13,0.783,100.0
65132353,Greedy Heuristic,OK,True,13.79,102100,28.57,13,1.077,100.0
65132353,Heuristic + Beam Search,OK,True,13.79,102100,28.57,13,4.139,100.0
65132499,Rule + Semester Order,OK,True,8.7,41500,14.29,9,0.932,100.0
65132499,Greedy Heuristic,OK,True,8.7,41500,14.29,9,0.891,100.0
65132499,Heuristic + Beam Search,OK,True,8.7,41500,14.29,9,1.824,100.0
65132645,Rule + Semester Order,OK,True,8.7,41500,14.29,9,1.053,100.0
65132645,Greedy Heuristic,OK,True,8.7,41500,14.29,9,1.266,100.0
65132645,Heuristic + Beam Search,OK,True,8.7,41500,14.29,9,1.891,100.0
65132669,Rule + Semester Order,OK,True,15.0,62500,28.57,15,1.034,100.0
65132669,Greedy Heuristic,OK,True,15.0,62500,28.57,15,1.116,100.0
65132669,Heuristic + Beam Search,OK,True,15.0,62500,28.57,15,3.02,100.0
65132683,Rule + Semester Order,OK,True,19.05,82000,0.0,12,0.617,100.0
65132683,Greedy Heuristic,OK,True,19.05,82000,0.0,12,0.744,100.0
65132683,Heuristic + Beam Search,OK,True,19.05,82000,0.0,12,1.117,100.0
65132715,Rule + Semester Order,OK,True,13.33,243750,57.14,25,1.276,100.0
65132715,Greedy Heuristic,OK,True,16.67,294200,28.57,27,1.259,100.0
65132715,Heuristic + Beam Search,OK,True,16.67,294100,14.29,27,8.84,100.0
65132742,Rule + Semester Order,OK,True,13.33,234200,57.14,27,1.807,100.0
65132742,Greedy Heuristic,OK,True,13.33,234200,57.14,27,1.361,100.0
65132742,Heuristic + Beam Search,OK,True,13.33,234100,42.86,27,9.891,100.0
65132768,Rule + Semester Order,OK,True,7.14,52250,42.86,13,1.1,100.0
65132768,Greedy Heuristic,OK,True,7.14,52250,42.86,13,1.42,100.0
65132768,Heuristic + Beam Search,OK,True,7.14,52250,42.86,13,3.68,100.0
65132976,Rule + Semester Order,OK,True,12.5,173800,57.14,24,2.167,100.0
65132976,Greedy Heuristic,OK,True,12.5,173800,57.14,24,2.095,100.0
65132976,Heuristic + Beam Search,OK,True,12.5,173800,57.14,24,8.729,100.0
65133127,Rule + Semester Order,OK,True,4.0,20600,14.29,4,1.98,100.0
65133127,Greedy Heuristic,OK,True,4.0,20600,14.29,4,0.983,100.0
65133127,Heuristic + Beam Search,OK,True,4.0,20600,14.29,4,3.592,100.0
65133141,Rule + Semester Order,OK,True,15.0,61500,0.0,9,1.158,100.0
65133141,Greedy Heuristic,OK,True,15.0,61500,0.0,9,1.097,100.0
65133141,Heuristic + Beam Search,OK,True,15.0,61500,0.0,9,1.945,100.0
65133158,Rule + Semester Order,OK,True,24.0,143000,14.29,21,1.854,100.0
65133158,Greedy Heuristic,OK,True,24.0,143000,14.29,21,1.876,100.0
65133158,Heuristic + Beam Search,OK,True,24.0,143000,14.29,21,9.118,100.0
65133335,Rule + Semester Order,OK,True,19.05,82000,0.0,12,1.964,100.0
65133335,Greedy Heuristic,OK,True,19.05,82000,0.0,12,1.909,100.0
65133335,Heuristic + Beam Search,OK,True,19.05,82000,0.0,12,3.007,100.0
65133341,Rule + Semester Order,OK,True,13.64,62000,14.29,12,1.114,100.0
65133341,Greedy Heuristic,OK,True,13.64,62000,14.29,12,1.406,100.0
65133341,Heuristic + Beam Search,OK,True,13.64,62000,14.29,12,3.869,100.0
65133343,Rule + Semester Order,OK,True,8.7,41500,14.29,9,1.444,100.0
65133343,Greedy Heuristic,OK,True,8.7,41500,14.29,9,1.468,100.0
65133343,Heuristic + Beam Search,OK,True,8.7,41500,14.29,9,2.823,100.0
65133461,Rule + Semester Order,OK,True,7.69,41000,0.0,6,1.18,100.0
65133461,Greedy Heuristic,OK,True,7.69,41000,0.0,6,1.447,100.0
65133461,Heuristic + Beam Search,OK,True,7.69,41000,0.0,6,1.127,100.0
65133505,Rule + Semester Order,OK,True,16.67,234050,42.86,27,1.367,100.0
65133505,Greedy Heuristic,OK,True,16.67,234050,42.86,27,2.224,100.0
65133505,Heuristic + Beam Search,OK,True,16.67,233950,28.57,27,12.304,100.0
65133680,Rule + Semester Order,OK,True,15.38,101700,14.29,13,0.645,100.0
65133680,Greedy Heuristic,OK,True,15.38,101700,14.29,13,1.324,100.0
65133680,Heuristic + Beam Search,OK,True,15.38,101700,14.29,13,5.164,100.0
65133696,Rule + Semester Order,OK,True,13.64,62000,14.29,12,1.586,100.0
65133696,Greedy Heuristic,OK,True,13.64,62000,14.29,12,1.55,100.0
65133696,Heuristic + Beam Search,OK,True,13.64,62000,14.29,12,3.279,100.0
65133879,Rule + Semester Order,OK,True,12.77,173350,28.57,24,1.929,100.0
65133879,Greedy Heuristic,OK,True,12.77,173350,28.57,24,2.58,100.0
65133879,Heuristic + Beam Search,OK,True,12.77,173350,28.57,24,8.91,100.0
65134016,Rule + Semester Order,OK,True,19.05,82000,0.0,12,3.525,100.0
65134016,Greedy Heuristic,OK,True,19.05,82000,0.0,12,1.744,100.0
65134016,Heuristic + Beam Search,OK,True,19.05,82000,0.0,12,3.637,100.0
65134066,Rule + Semester Order,OK,True,13.33,173400,57.14,25,3.613,100.0
65134066,Greedy Heuristic,OK,True,13.33,173800,57.14,26,3.52,100.0
65134066,Heuristic + Beam Search,OK,True,13.33,173800,57.14,27,12.782,100.0
65134070,Rule + Semester Order,OK,True,7.69,41500,14.29,9,1.905,100.0
65134070,Greedy Heuristic,OK,True,7.69,41500,14.29,9,2.424,100.0
65134070,Heuristic + Beam Search,OK,True,7.69,41500,14.29,9,3.945,100.0
65134098,Rule + Semester Order,OK,True,11.67,213600,57.14,25,2.741,100.0
65134098,Greedy Heuristic,OK,True,13.33,234000,42.86,27,4.357,100.0
65134098,Heuristic + Beam Search,OK,True,13.33,233900,28.57,27,12.456,100.0
65134243,Rule + Semester Order,OK,True,19.05,82000,0.0,12,0.7,100.0
65134243,Greedy Heuristic,OK,True,19.05,82000,0.0,12,0.489,100.0
65134243,Heuristic + Beam Search,OK,True,19.05,82000,0.0,12,1.229,100.0
65134298,Rule + Semester Order,OK,True,14.71,154050,42.86,25,0.789,100.0
65134298,Greedy Heuristic,OK,True,20.59,194050,14.29,25,0.709,100.0
65134298,Heuristic + Beam Search,OK,True,20.59,194050,14.29,25,3.059,100.0
65134312,Rule + Semester Order,OK,True,19.05,82000,0.0,12,0.436,100.0
65134312,Greedy Heuristic,OK,True,19.05,82000,0.0,12,0.424,100.0
65134312,Heuristic + Beam Search,OK,True,19.05,82000,0.0,12,0.789,100.0
65134318,Rule + Semester Order,OK,True,22.73,112550,0.0,15,0.567,100.0
65134318,Greedy Heuristic,OK,True,22.73,112550,0.0,15,0.756,100.0
65134318,Heuristic + Beam Search,OK,True,22.73,112550,0.0,15,0.978,100.0
65134467,Rule + Semester Order,OK,True,15.0,62000,14.29,12,1.036,100.0
65134467,Greedy Heuristic,OK,True,15.0,62000,14.29,12,1.955,100.0
65134467,Heuristic + Beam Search,OK,True,15.0,62000,14.29,12,5.371,100.0
65131436,Rule + Semester Order,OK,True,11.76,103600,42.86,21,3.08,100.0
65131436,Greedy Heuristic,OK,True,11.76,103600,42.86,21,3.065,100.0
65131436,Heuristic + Beam Search,OK,True,11.76,103600,42.86,21,2.984,100.0
65139001,Rule + Semester Order,OK,True,16.13,112850,14.29,19,1.52,100.0
65139001,Greedy Heuristic,OK,True,16.13,112850,14.29,19,1.614,100.0
65139001,Heuristic + Beam Search,OK,True,16.13,112850,14.29,19,5.348,100.0
65139006,Rule + Semester Order,OK,True,11.76,92350,14.29,16,1.509,100.0
65139006,Greedy Heuristic,OK,True,11.76,92350,14.29,16,1.417,100.0
65139006,Heuristic + Beam Search,OK,True,11.76,92350,14.29,16,3.148,100.0
65139012,Rule + Semester Order,OK,True,16.13,112850,14.29,19,1.229,100.0
65139012,Greedy Heuristic,OK,True,16.13,112850,14.29,19,1.357,100.0
65139012,Heuristic + Beam Search,OK,True,16.13,112850,14.29,19,3.724,100.0
65133295,Rule + Semester Order,OK,True,7.69,51350,14.29,10,0.739,100.0
65133295,Greedy Heuristic,OK,True,7.69,51350,14.29,10,0.707,100.0
65133295,Heuristic + Beam Search,OK,True,7.69,51350,14.29,10,1.352,100.0
65130031,Rule + Semester Order,OK,True,11.67,213350,57.14,26,1.197,100.0
65130031,Greedy Heuristic,OK,True,15.0,263700,14.29,27,1.144,100.0
65130031,Heuristic + Beam Search,OK,True,15.0,263700,14.29,27,12.587,100.0
65130039,Rule + Semester Order,OK,True,19.05,82000,0.0,12,1.927,100.0
65130039,Greedy Heuristic,OK,True,19.05,82000,0.0,12,1.855,100.0
65130039,Heuristic + Beam Search,OK,True,19.05,82000,0.0,12,3.801,100.0
65130192,Rule + Semester Order,OK,True,11.86,213400,57.14,25,1.371,100.0
65130192,Greedy Heuristic,OK,True,15.25,263850,28.57,27,1.973,100.0
65130192,Heuristic + Beam Search,OK,True,15.25,263750,14.29,27,21.88,100.0
65130217,Rule + Semester Order,OK,True,19.05,82500,14.29,15,1.436,100.0
65130217,Greedy Heuristic,OK,True,19.05,82500,14.29,15,1.436,100.0
65130217,Heuristic + Beam Search,OK,True,19.05,82500,14.29,15,4.375,100.0
65130311,Rule + Semester Order,OK,True,19.05,82500,14.29,15,1.323,100.0
65130311,Greedy Heuristic,OK,True,19.05,82500,14.29,15,0.574,100.0
65130311,Heuristic + Beam Search,OK,True,19.05,82500,14.29,15,1.902,100.0
65130338,Rule + Semester Order,OK,True,19.05,82500,14.29,15,0.618,100.0
65130338,Greedy Heuristic,OK,True,19.05,82500,14.29,15,0.636,100.0
65130338,Heuristic + Beam Search,OK,True,19.05,82500,14.29,15,2.034,100.0
65130377,Rule + Semester Order,OK,True,14.04,244300,57.14,27,1.078,100.0
65130377,Greedy Heuristic,OK,True,15.79,264300,42.86,27,1.055,100.0
65130377,Heuristic + Beam Search,OK,True,15.79,264200,28.57,27,7.966,100.0
65130410,Rule + Semester Order,OK,True,8.7,41500,14.29,9,0.647,100.0
65130410,Greedy Heuristic,OK,True,8.7,41500,14.29,9,0.566,100.0
65130410,Heuristic + Beam Search,OK,True,8.7,41500,14.29,9,2.899,100.0
65130420,Rule + Semester Order,OK,True,15.69,233550,42.86,27,1.741,100.0
65130420,Greedy Heuristic,OK,True,15.69,233550,42.86,27,1.171,100.0
65130420,Heuristic + Beam Search,OK,True,15.69,233550,42.86,27,6.532,100.0
65130430,Rule + Semester Order,OK,True,19.05,82500,14.29,15,0.875,100.0
65130430,Greedy Heuristic,OK,True,19.05,82500,14.29,15,1.24,100.0
65130430,Heuristic + Beam Search,OK,True,19.05,82500,14.29,15,3.836,100.0
65130451,Rule + Semester Order,OK,True,10.71,71900,28.57,12,1.875,100.0
65130451,Greedy Heuristic,OK,True,10.71,71900,28.57,12,1.697,100.0
65130451,Heuristic + Beam Search,OK,True,10.71,71900,28.57,12,4.485,100.0
65130519,Rule + Semester Order,OK,True,11.32,173650,57.14,26,1.58,100.0
65130519,Greedy Heuristic,OK,True,11.32,173650,57.14,26,1.445,100.0
65130519,Heuristic + Beam Search,OK,True,11.32,173650,57.14,26,15.149,100.0
65130532,Rule + Semester Order,OK,True,14.29,62000,14.29,12,2.823,100.0
65130532,Greedy Heuristic,OK,True,14.29,62000,14.29,12,1.446,100.0
65130532,Heuristic + Beam Search,OK,True,14.29,62000,14.29,12,3.881,100.0
65130586,Rule + Semester Order,OK,True,21.74,112800,14.29,17,1.692,100.0
65130586,Greedy Heuristic,OK,True,21.74,112800,14.29,17,1.766,100.0
65130586,Heuristic + Beam Search,OK,True,21.74,112800,14.29,17,5.367,100.0
65130623,Rule + Semester Order,OK,True,20.0,122550,14.29,18,1.736,100.0
65130623,Greedy Heuristic,OK,True,20.0,122550,14.29,18,2.402,100.0
65130623,Heuristic + Beam Search,OK,True,20.0,122550,14.29,18,9.154,100.0
65130628,Rule + Semester Order,OK,True,18.18,82500,14.29,15,2.464,100.0
65130628,Greedy Heuristic,OK,True,18.18,82500,14.29,15,1.76,100.0
65130628,Heuristic + Beam Search,OK,True,18.18,82500,14.29,15,3.199,100.0
65130634,Rule + Semester Order,OK,True,7.14,41600,28.57,10,2.408,100.0
65130634,Greedy Heuristic,OK,True,7.14,41600,28.57,10,2.17,100.0
65130634,Heuristic + Beam Search,OK,True,7.14,41600,28.57,10,5.783,100.0
65130700,Rule + Semester Order,OK,True,19.05,82500,14.29,15,1.689,100.0
65130700,Greedy Heuristic,OK,True,19.05,82500,14.29,15,1.23,100.0
65130700,Heuristic + Beam Search,OK,True,19.05,82500,14.29,15,6.087,100.0
65130734,Rule + Semester Order,OK,True,15.0,62000,14.29,12,0.683,100.0
65130734,Greedy Heuristic,OK,True,15.0,62000,14.29,12,0.653,100.0
65130734,Heuristic + Beam Search,OK,True,15.0,62000,14.29,12,1.662,100.0
65130771,Rule + Semester Order,OK,True,25.0,142500,0.0,15,0.589,100.0
65130771,Greedy Heuristic,OK,True,25.0,142500,0.0,15,0.576,100.0
65130771,Heuristic + Beam Search,OK,True,25.0,142500,0.0,15,1.484,100.0
65130907,Rule + Semester Order,OK,True,16.0,82500,14.29,15,0.742,100.0
65130907,Greedy Heuristic,OK,True,16.0,82500,14.29,15,0.682,100.0
65130907,Heuristic + Beam Search,OK,True,16.0,82500,14.29,15,2.755,100.0
65130925,Rule + Semester Order,OK,True,6.06,51550,14.29,9,1.122,100.0
65130925,Greedy Heuristic,OK,True,6.06,51550,14.29,9,0.878,100.0
65130925,Heuristic + Beam Search,OK,True,6.06,51550,14.29,9,1.428,100.0
65130961,Rule + Semester Order,OK,True,15.0,62000,14.29,12,0.78,100.0
65130961,Greedy Heuristic,OK,True,15.0,62000,14.29,12,0.621,100.0
65130961,Heuristic + Beam Search,OK,True,15.0,62000,14.29,12,1.754,100.0
65130983,Rule + Semester Order,OK,True,21.74,112750,14.29,17,0.653,100.0
65130983,Greedy Heuristic,OK,True,21.74,112750,14.29,17,0.859,100.0
65130983,Heuristic + Beam Search,OK,True,21.74,112750,14.29,17,2.868,100.0
65131014,Rule + Semester Order,OK,True,11.32,173600,57.14,25,1.218,100.0
65131014,Greedy Heuristic,OK,True,11.32,174000,57.14,27,1.262,100.0
65131014,Heuristic + Beam Search,OK,True,11.32,174000,57.14,27,8.784,100.0
65131052,Rule + Semester Order,OK,True,15.0,62000,14.29,12,0.91,100.0
65131052,Greedy Heuristic,OK,True,15.0,62000,14.29,12,0.897,100.0
65131052,Heuristic + Beam Search,OK,True,15.0,62000,14.29,12,2.237,100.0
65131109,Rule + Semester Order,OK,True,3.03,21500,28.57,9,1.03,100.0
65131109,Greedy Heuristic,OK,True,3.03,21500,28.57,9,1.002,100.0
65131109,Heuristic + Beam Search,OK,True,3.03,21500,28.57,9,2.222,100.0
65131148,Rule + Semester Order,OK,True,19.05,82500,14.29,15,1.255,100.0
65131148,Greedy Heuristic,OK,True,19.05,82500,14.29,15,0.956,100.0
65131148,Heuristic + Beam Search,OK,True,19.05,82500,14.29,15,3.207,100.0
65131205,Rule + Semester Order,OK,True,19.05,82000,0.0,12,0.67,100.0
65131205,Greedy Heuristic,OK,True,19.05,82000,0.0,12,0.589,100.0
65131205,Heuristic + Beam Search,OK,True,19.05,82000,0.0,12,1.135,100.0
65131234,Rule + Semester Order,OK,True,19.05,82500,14.29,15,0.684,100.0
65131234,Greedy Heuristic,OK,True,19.05,82500,14.29,15,0.744,100.0
65131234,Heuristic + Beam Search,OK,True,19.05,82500,14.29,15,2.505,100.0
65131272,Rule + Semester Order,OK,True,14.04,243900,57.14,26,1.164,100.0
65131272,Greedy Heuristic,OK,True,17.54,304300,14.29,27,1.265,100.0
65131272,Heuristic + Beam Search,OK,True,17.54,304300,14.29,27,11.372,100.0
65131315,Rule + Semester Order,OK,True,14.04,243450,57.14,27,1.681,100.0
65131315,Greedy Heuristic,OK,True,17.54,303450,14.29,27,1.585,100.0
65131315,Heuristic + Beam Search,OK,True,17.54,303450,14.29,27,12.448,100.0
65131460,Rule + Semester Order,OK,True,8.7,41000,0.0,6,0.854,100.0
65131460,Greedy Heuristic,OK,True,8.7,41000,0.0,6,0.753,100.0
65131460,Heuristic + Beam Search,OK,True,8.7,41000,0.0,6,1.218,100.0
65131468,Rule + Semester Order,OK,True,10.0,41500,14.29,9,0.948,100.0
65131468,Greedy Heuristic,OK,True,10.0,41500,14.29,9,0.945,100.0
65131468,Heuristic + Beam Search,OK,True,10.0,41500,14.29,9,2.36,100.0
65131469,Rule + Semester Order,OK,True,8.82,81200,0.0,8,1.073,100.0
65131469,Greedy Heuristic,OK,True,8.82,81200,0.0,8,1.1,100.0
65131469,Heuristic + Beam Search,OK,True,8.82,81200,0.0,8,1.526,100.0
65131500,Rule + Semester Order,OK,True,7.69,41500,14.29,9,0.738,100.0
65131500,Greedy Heuristic,OK,True,7.69,41500,14.29,9,0.718,100.0
65131500,Heuristic + Beam Search,OK,True,7.69,41500,14.29,9,1.867,100.0
65131510,Rule + Semester Order,OK,True,12.5,62000,14.29,12,1.022,100.0
65131510,Greedy Heuristic,OK,True,12.5,62000,14.29,12,0.92,100.0
65131510,Heuristic + Beam Search,OK,True,12.5,62000,14.29,12,2.127,100.0
65131516,Rule + Semester Order,OK,True,19.23,124100,42.86,24,1.074,100.0
65131516,Greedy Heuristic,OK,True,19.23,124100,42.86,24,1.048,100.0
65131516,Heuristic + Beam Search,OK,True,19.23,124100,42.86,24,4.51,100.0
65131536,Rule + Semester Order,OK,True,15.91,203800,57.14,27,1.618,100.0
65131536,Greedy Heuristic,OK,True,15.91,203800,57.14,27,1.3,100.0
65131536,Heuristic + Beam Search,OK,True,15.91,203800,57.14,27,9.416,100.0
65131611,Rule + Semester Order,OK,True,15.38,92650,28.57,17,0.762,100.0
65131611,Greedy Heuristic,OK,True,15.38,92650,28.57,17,1.296,100.0
65131611,Heuristic + Beam Search,OK,True,15.38,92650,28.57,17,2.466,100.0
65131638,Rule + Semester Order,OK,True,13.64,61500,0.0,9,0.819,100.0
65131638,Greedy Heuristic,OK,True,13.64,61500,0.0,9,0.793,100.0
65131638,Heuristic + Beam Search,OK,True,13.64,61500,0.0,9,1.413,100.0
65131708,Rule + Semester Order,OK,True,15.0,62000,14.29,12,1.021,100.0
65131708,Greedy Heuristic,OK,True,15.0,62000,14.29,12,0.882,100.0
65131708,Heuristic + Beam Search,OK,True,15.0,62000,14.29,12,2.289,100.0
65131846,Rule + Semester Order,OK,True,18.18,83000,28.57,18,0.989,100.0
65131846,Greedy Heuristic,OK,True,18.18,83000,28.57,18,1.056,100.0
65131846,Heuristic + Beam Search,OK,True,18.18,83000,28.57,18,3.671,100.0
65131848,Rule + Semester Order,OK,True,19.05,82000,0.0,12,0.692,100.0
65131848,Greedy Heuristic,OK,True,19.05,82000,0.0,12,0.669,100.0
65131848,Heuristic + Beam Search,OK,True,19.05,82000,0.0,12,1.209,100.0
65132069,Rule + Semester Order,OK,True,4.35,21000,14.29,6,0.553,100.0
65132069,Greedy Heuristic,OK,True,4.35,21000,14.29,6,0.554,100.0
65132069,Heuristic + Beam Search,OK,True,4.35,21000,14.29,6,1.059,100.0
65132074,Rule + Semester Order,OK,True,11.36,143300,57.14,22,1.092,100.0
65132074,Greedy Heuristic,OK,True,11.36,143300,57.14,22,1.123,100.0
65132074,Heuristic + Beam Search,OK,True,11.36,143300,57.14,22,4.308,100.0
65132081,Rule + Semester Order,OK,True,19.05,82000,0.0,12,0.687,100.0
65132081,Greedy Heuristic,OK,True,19.05,82000,0.0,12,0.737,100.0
65132081,Heuristic + Beam Search,OK,True,19.05,82000,0.0,12,1.506,100.0
65132224,Rule + Semester Order,OK,True,19.05,82000,0.0,12,0.661,100.0
65132224,Greedy Heuristic,OK,True,19.05,82000,0.0,12,0.737,100.0
65132224,Heuristic + Beam Search,OK,True,19.05,82000,0.0,12,1.495,100.0
65132360,Rule + Semester Order,OK,True,13.64,62000,14.29,12,0.994,100.0
65132360,Greedy Heuristic,OK,True,13.64,62000,14.29,12,1.024,100.0
65132360,Heuristic + Beam Search,OK,True,13.64,62000,14.29,12,2.691,100.0
65132512,Rule + Semester Order,OK,True,16.13,304250,42.86,27,1.85,100.0
65132512,Greedy Heuristic,OK,True,17.74,334400,0.0,27,1.785,100.0
65132512,Heuristic + Beam Search,OK,True,17.74,334400,0.0,27,21.133,100.0
65132585,Rule + Semester Order,OK,True,15.0,62000,14.29,12,1.561,100.0
65132585,Greedy Heuristic,OK,True,15.0,62000,14.29,12,0.761,100.0
65132585,Heuristic + Beam Search,OK,True,15.0,62000,14.29,12,5.419,100.0
65132651,Rule + Semester Order,OK,True,19.05,82500,14.29,15,2.278,100.0
65132651,Greedy Heuristic,OK,True,19.05,82500,14.29,15,2.194,100.0
65132651,Heuristic + Beam Search,OK,True,19.05,82500,14.29,15,6.177,100.0
65132670,Rule + Semester Order,OK,True,15.0,62000,14.29,12,0.806,100.0
65132670,Greedy Heuristic,OK,True,15.0,62000,14.29,12,1.619,100.0
65132670,Heuristic + Beam Search,OK,True,15.0,62000,14.29,12,4.557,100.0
65132692,Rule + Semester Order,OK,True,19.05,82000,0.0,12,1.429,100.0
65132692,Greedy Heuristic,OK,True,19.05,82000,0.0,12,1.389,100.0
65132692,Heuristic + Beam Search,OK,True,19.05,82000,0.0,12,2.137,100.0
65132716,Rule + Semester Order,OK,True,12.5,62000,14.29,12,1.407,100.0
65132716,Greedy Heuristic,OK,True,12.5,62000,14.29,12,1.429,100.0
65132716,Heuristic + Beam Search,OK,True,12.5,62000,14.29,12,1.945,100.0
65132728,Rule + Semester Order,OK,True,10.81,113100,71.43,22,1.942,100.0
65132728,Greedy Heuristic,OK,True,10.81,113100,71.43,22,1.9,100.0
65132728,Heuristic + Beam Search,OK,True,10.81,113100,71.43,22,10.638,100.0
65132832,Rule + Semester Order,OK,True,12.9,243950,57.14,26,1.663,100.0
65132832,Greedy Heuristic,OK,True,14.52,264250,28.57,27,3.693,100.0
65132832,Heuristic + Beam Search,OK,True,14.52,264250,28.57,27,18.828,100.0
65132839,Rule + Semester Order,OK,True,6.9,51050,0.0,6,0.938,100.0
65132839,Greedy Heuristic,OK,True,6.9,51050,0.0,6,0.691,100.0
65132839,Heuristic + Beam Search,OK,True,6.9,51050,0.0,6,1.084,100.0
65132908,Rule + Semester Order,OK,True,19.05,82500,14.29,15,0.856,100.0
65132908,Greedy Heuristic,OK,True,19.05,82500,14.29,15,0.837,100.0
65132908,Heuristic + Beam Search,OK,True,19.05,82500,14.29,15,2.459,100.0
65133048,Rule + Semester Order,OK,True,11.54,73550,85.71,23,1.783,100.0
65133048,Greedy Heuristic,OK,True,11.54,73550,85.71,23,3.536,100.0
65133048,Heuristic + Beam Search,OK,True,11.54,73550,85.71,23,14.693,100.0
65133051,Rule + Semester Order,OK,True,19.05,82000,0.0,12,0.401,100.0
65133051,Greedy Heuristic,OK,True,19.05,82000,0.0,12,0.671,100.0
65133051,Heuristic + Beam Search,OK,True,19.05,82000,0.0,12,3.389,100.0
65133151,Rule + Semester Order,OK,True,12.31,244150,57.14,25,4.098,100.0
65133151,Greedy Heuristic,OK,True,15.38,294600,28.57,27,2.762,100.0
65133151,Heuristic + Beam Search,OK,True,15.38,294500,14.29,27,20.182,100.0
65133282,Rule + Semester Order,OK,True,7.14,41000,0.0,6,2.35,100.0
65133282,Greedy Heuristic,OK,True,7.14,41000,0.0,6,2.226,100.0
65133282,Heuristic + Beam Search,OK,True,7.14,41000,0.0,6,3.289,100.0
65133334,Rule + Semester Order,OK,True,18.18,82000,0.0,12,2.001,100.0
65133334,Greedy Heuristic,OK,True,18.18,82000,0.0,12,2.026,100.0
65133334,Heuristic + Beam Search,OK,True,18.18,82000,0.0,12,2.417,100.0
65133370,Rule + Semester Order,OK,True,19.05,82000,0.0,12,1.748,100.0
65133370,Greedy Heuristic,OK,True,19.05,82000,0.0,12,1.995,100.0
65133370,Heuristic + Beam Search,OK,True,19.05,82000,0.0,12,1.812,100.0
65133373,Rule + Semester Order,OK,True,10.53,41000,0.0,6,0.72,100.0
65133373,Greedy Heuristic,OK,True,10.53,41000,0.0,6,1.027,100.0
65133373,Heuristic + Beam Search,OK,True,10.53,41000,0.0,6,1.423,100.0
65133617,Rule + Semester Order,OK,True,13.64,62000,14.29,12,1.569,100.0
65133617,Greedy Heuristic,OK,True,13.64,62000,14.29,12,2.103,100.0
65133617,Heuristic + Beam Search,OK,True,13.64,62000,14.29,12,3.541,100.0
65133684,Rule + Semester Order,OK,True,18.18,82000,0.0,12,0.694,100.0
65133684,Greedy Heuristic,OK,True,18.18,82000,0.0,12,1.379,100.0
65133684,Heuristic + Beam Search,OK,True,18.18,82000,0.0,12,2.96,100.0
65133714,Rule + Semester Order,OK,True,10.53,41500,14.29,9,1.614,100.0
65133714,Greedy Heuristic,OK,True,10.53,41500,14.29,9,1.736,100.0
65133714,Heuristic + Beam Search,OK,True,10.53,41500,14.29,9,2.974,100.0
65133767,Rule + Semester Order,OK,True,14.75,274500,57.14,26,2.691,100.0
65133767,Greedy Heuristic,OK,True,18.03,324850,14.29,27,3.224,100.0
65133767,Heuristic + Beam Search,OK,True,18.03,324850,14.29,27,22.432,100.0
65133893,Rule + Semester Order,OK,True,16.0,82500,14.29,15,2.396,100.0
65133893,Greedy Heuristic,OK,True,16.0,82500,14.29,15,2.33,100.0
65133893,Heuristic + Beam Search,OK,True,16.0,82500,14.29,15,4.39,100.0
65133897,Rule + Semester Order,OK,True,8.7,41500,14.29,9,0.931,100.0
65133897,Greedy Heuristic,OK,True,8.7,41500,14.29,9,0.933,100.0
65133897,Heuristic + Beam Search,OK,True,8.7,41500,14.29,9,2.103,100.0
65134052,Rule + Semester Order,OK,True,22.73,112800,14.29,17,0.686,100.0
65134052,Greedy Heuristic,OK,True,22.73,112800,14.29,17,0.641,100.0
65134052,Heuristic + Beam Search,OK,True,22.73,112800,14.29,17,3.007,100.0
65134069,Rule + Semester Order,OK,True,9.68,72250,14.29,10,1.003,100.0
65134069,Greedy Heuristic,OK,True,9.68,72250,14.29,10,0.996,100.0
65134069,Heuristic + Beam Search,OK,True,9.68,72250,14.29,10,2.118,100.0
65134112,Rule + Semester Order,OK,True,10.91,174200,42.86,23,2.094,100.0
65134112,Greedy Heuristic,OK,True,10.91,174200,42.86,23,1.312,100.0
65134112,Heuristic + Beam Search,OK,True,10.91,174200,42.86,23,9.979,100.0
65134157,Rule + Semester Order,OK,True,19.05,82500,14.29,15,1.905,100.0
65134157,Greedy Heuristic,OK,True,19.05,82500,14.29,15,1.78,100.0
65134157,Heuristic + Beam Search,OK,True,19.05,82500,14.29,15,2.615,100.0
65134313,Rule + Semester Order,OK,True,15.0,62000,14.29,12,0.725,100.0
65134313,Greedy Heuristic,OK,True,15.0,62000,14.29,12,0.759,100.0
65134313,Heuristic + Beam Search,OK,True,15.0,62000,14.29,12,1.851,100.0
65134353,Rule + Semester Order,OK,True,6.45,42000,28.57,12,0.876,100.0
65134353,Greedy Heuristic,OK,True,6.45,42000,28.57,12,0.867,100.0
65134353,Heuristic + Beam Search,OK,True,6.45,42000,28.57,12,1.885,100.0
65134364,Rule + Semester Order,OK,True,19.05,82500,14.29,15,0.756,100.0
65134364,Greedy Heuristic,OK,True,19.05,82500,14.29,15,0.663,100.0
65134364,Heuristic + Beam Search,OK,True,19.05,82500,14.29,15,1.93,100.0
65134382,Rule + Semester Order,OK,True,10.0,41500,14.29,9,0.565,100.0
65134382,Greedy Heuristic,OK,True,10.0,41500,14.29,9,0.706,100.0
65134382,Heuristic + Beam Search,OK,True,10.0,41500,14.29,9,3.026,100.0
65132978,Rule + Semester Order,OK,True,19.05,82000,0.0,12,0.854,100.0
65132978,Greedy Heuristic,OK,True,19.05,82000,0.0,12,0.424,100.0
65132978,Heuristic + Beam Search,OK,True,19.05,82000,0.0,12,1.216,100.0
65130195,Rule + Semester Order,OK,True,11.43,113200,42.86,19,1.456,100.0
65130195,Greedy Heuristic,OK,True,11.43,113200,42.86,19,0.696,100.0
65130195,Heuristic + Beam Search,OK,True,11.43,113200,42.86,19,2.342,100.0
65131441,Rule + Semester Order,OK,True,6.9,51300,14.29,9,0.66,100.0
65131441,Greedy Heuristic,OK,True,6.9,51300,14.29,9,0.632,100.0
65131441,Heuristic + Beam Search,OK,True,6.9,51300,14.29,9,1.206,100.0
65134603,Rule + Semester Order,OK,True,14.71,143900,42.86,23,0.75,100.0
65134603,Greedy Heuristic,OK,True,14.71,143900,42.86,23,0.748,100.0
65134603,Heuristic + Beam Search,OK,True,14.71,143900,42.86,23,7.659,100.0
65130228,Rule + Semester Order,OK,True,13.79,243500,57.14,27,4.021,100.0
65130228,Greedy Heuristic,OK,True,17.24,303500,14.29,27,3.777,100.0
65130228,Heuristic + Beam Search,OK,True,17.24,303500,14.29,27,22.71,100.0
65130369,Rule + Semester Order,OK,True,11.48,213200,57.14,25,2.81,100.0
65130369,Greedy Heuristic,OK,True,16.39,293600,0.0,27,2.52,100.0
65130369,Heuristic + Beam Search,OK,True,16.39,293600,0.0,27,12.927,100.0
65131323,Rule + Semester Order,OK,True,12.96,213150,57.14,25,1.865,100.0
65131323,Greedy Heuristic,OK,True,18.52,293550,0.0,27,2.13,100.0
65131323,Heuristic + Beam Search,OK,True,18.52,293550,0.0,27,12.189,100.0
65131397,Rule + Semester Order,OK,True,13.33,173700,42.86,24,1.454,100.0
65131397,Greedy Heuristic,OK,True,13.33,173700,42.86,24,1.382,100.0
65131397,Heuristic + Beam Search,OK,True,13.33,173700,42.86,24,6.416,100.0
65131607,Rule + Semester Order,OK,True,14.06,274100,42.86,27,1.652,100.0
65131607,Greedy Heuristic,OK,True,15.62,304350,14.29,27,1.571,100.0
65131607,Heuristic + Beam Search,OK,True,17.19,334450,0.0,27,18.079,100.0
65132374,Rule + Semester Order,OK,True,12.7,243750,57.14,25,1.351,100.0
65132374,Greedy Heuristic,OK,True,15.87,294200,28.57,27,2.462,100.0
65132374,Heuristic + Beam Search,OK,True,15.87,294100,14.29,27,12.505,100.0
65132693,Rule + Semester Order,OK,True,11.86,213150,57.14,25,4.08,100.0
65132693,Greedy Heuristic,OK,True,16.95,293550,0.0,27,3.28,100.0
65132693,Heuristic + Beam Search,OK,True,16.95,293550,0.0,27,19.431,100.0
65134000,Rule + Semester Order,OK,True,13.11,243700,57.14,26,2.799,100.0
65134000,Greedy Heuristic,OK,True,16.39,294050,14.29,27,2.552,100.0
65134000,Heuristic + Beam Search,OK,True,16.39,294050,14.29,27,20.626,100.0
65130404,Rule + Semester Order,OK,True,10.91,173400,42.86,23,3.703,100.0
65130404,Greedy Heuristic,OK,True,10.91,173400,42.86,23,3.517,100.0
65130404,Heuristic + Beam Search,OK,True,10.91,173400,42.86,23,7.818,100.0
65130553,Rule + Semester Order,OK,True,13.56,243500,57.14,26,1.933,100.0
65130553,Greedy Heuristic,OK,True,16.95,303900,14.29,27,1.902,100.0
65130553,Heuristic + Beam Search,OK,True,16.95,303900,14.29,27,10.619,100.0
65131254,Rule + Semester Order,OK,True,14.81,243800,42.86,27,1.022,100.0
65131254,Greedy Heuristic,OK,True,18.52,293750,0.0,27,0.956,100.0
65131254,Heuristic + Beam Search,OK,True,18.52,293750,0.0,27,6.739,100.0
65131327,Rule + Semester Order,OK,True,12.9,243950,57.14,27,1.112,100.0
65131327,Greedy Heuristic,OK,True,14.52,263950,42.86,27,1.067,100.0
65131327,Heuristic + Beam Search,OK,True,14.52,263850,28.57,27,10.01,100.0
65131800,Rule + Semester Order,OK,True,12.9,243950,57.14,27,1.752,100.0
65131800,Greedy Heuristic,OK,True,14.52,263950,42.86,27,1.627,100.0
65131800,Heuristic + Beam Search,OK,True,14.52,263850,28.57,27,13.654,100.0
65132057,Rule + Semester Order,OK,True,13.11,243750,57.14,27,4.0,100.0
65132057,Greedy Heuristic,OK,True,16.39,293700,14.29,27,3.781,100.0
65132057,Heuristic + Beam Search,OK,True,16.39,293700,14.29,27,17.838,100.0
65132982,Rule + Semester Order,OK,True,13.79,243700,57.14,26,1.576,100.0
65132982,Greedy Heuristic,OK,True,17.24,294050,14.29,27,1.083,100.0
65132982,Heuristic + Beam Search,OK,True,17.24,294050,14.29,27,9.215,100.0
65133140,Rule + Semester Order,OK,True,13.11,243750,57.14,25,1.317,100.0
65133140,Greedy Heuristic,OK,True,16.39,294200,28.57,27,1.247,100.0
65133140,Heuristic + Beam Search,OK,True,16.39,294100,14.29,27,9.709,100.0
65133644,Rule + Semester Order,OK,True,12.73,203750,57.14,25,0.998,100.0
65133644,Greedy Heuristic,OK,True,12.73,204150,57.14,27,1.073,100.0
65133644,Heuristic + Beam Search,OK,True,12.73,204150,57.14,27,8.642,100.0
65133679,Rule + Semester Order,OK,True,11.67,213600,57.14,26,1.516,100.0
65133679,Greedy Heuristic,OK,True,13.33,233900,28.57,27,1.246,100.0
65133679,Heuristic + Beam Search,OK,True,13.33,233900,28.57,27,7.154,100.0
65134015,Rule + Semester Order,OK,True,12.28,213150,57.14,25,1.406,100.0
65134015,Greedy Heuristic,OK,True,17.54,293550,0.0,27,1.059,100.0
65134015,Heuristic + Beam Search,OK,True,17.54,293550,0.0,27,9.14,100.0
65134310,Rule + Semester Order,OK,True,13.33,243750,57.14,25,1.587,100.0
65134310,Greedy Heuristic,OK,True,16.67,294200,28.57,27,1.527,100.0
65134310,Heuristic + Beam Search,OK,True,16.67,294100,14.29,27,10.684,100.0
65134356,Rule + Semester Order,OK,True,11.67,213150,57.14,25,1.465,100.0
65134356,Greedy Heuristic,OK,True,16.67,293550,0.0,27,1.445,100.0
65134356,Heuristic + Beam Search,OK,True,16.67,293550,0.0,27,8.255,100.0
67130013,Rule + Semester Order,OK,True,16.0,172650,28.57,24,1.33,100.0
67130013,Greedy Heuristic,OK,True,16.0,172650,28.57,24,0.975,100.0
67130013,Heuristic + Beam Search,OK,True,16.0,172650,28.57,24,5.825,100.0
67130138,Rule + Semester Order,OK,True,15.38,142250,28.57,24,0.899,100.0
67130138,Greedy Heuristic,OK,True,15.38,142250,28.57,24,0.61,100.0
67130138,Heuristic + Beam Search,OK,True,15.38,142250,28.57,24,4.873,100.0
67130257,Rule + Semester Order,OK,True,16.33,172650,28.57,24,0.717,100.0
67130257,Greedy Heuristic,OK,True,16.33,172650,28.57,24,1.208,100.0
67130257,Heuristic + Beam Search,OK,True,16.33,172650,28.57,24,5.692,100.0
67130266,Rule + Semester Order,OK,True,11.67,141850,42.86,23,0.984,100.0
67130266,Greedy Heuristic,OK,True,11.67,141850,42.86,23,1.013,100.0
67130266,Heuristic + Beam Search,OK,True,11.67,141850,42.86,23,5.894,100.0
67130353,Rule + Semester Order,OK,True,14.89,142500,28.57,20,0.89,100.0
67130353,Greedy Heuristic,OK,True,14.89,142500,28.57,20,0.95,100.0
67130353,Heuristic + Beam Search,OK,True,14.89,142500,28.57,20,4.505,100.0
67130400,Rule + Semester Order,OK,True,12.96,131850,42.86,22,0.723,100.0
67130400,Greedy Heuristic,OK,True,12.96,131850,42.86,22,1.253,100.0
67130400,Heuristic + Beam Search,OK,True,12.96,131850,42.86,22,6.561,100.0
67130515,Rule + Semester Order,OK,True,5.17,61000,42.86,10,0.973,100.0
67130515,Greedy Heuristic,OK,True,5.17,61000,42.86,10,0.941,100.0
67130515,Heuristic + Beam Search,OK,True,5.17,61000,42.86,10,3.647,100.0
67130545,Rule + Semester Order,OK,True,19.15,163000,14.29,25,0.576,100.0
67130545,Greedy Heuristic,OK,True,21.28,173000,0.0,26,0.578,100.0
67130545,Heuristic + Beam Search,OK,True,21.28,173000,0.0,26,4.02,100.0
67130589,Rule + Semester Order,OK,True,7.69,81100,42.86,12,0.893,100.0
67130589,Greedy Heuristic,OK,True,7.69,81100,42.86,12,0.677,100.0
67130589,Heuristic + Beam Search,OK,True,7.69,81100,42.86,12,2.57,100.0
67130609,Rule + Semester Order,OK,True,18.37,163100,28.57,26,0.6,100.0
67130609,Greedy Heuristic,OK,True,20.41,173100,14.29,27,0.685,100.0
67130609,Heuristic + Beam Search,OK,True,20.41,173100,14.29,27,5.855,100.0
67130656,Rule + Semester Order,OK,True,13.46,152500,28.57,20,0.66,100.0
67130656,Greedy Heuristic,OK,True,13.46,152500,28.57,20,0.917,100.0
67130656,Heuristic + Beam Search,OK,True,13.46,152500,28.57,20,5.344,100.0
67130878,Rule + Semester Order,OK,True,19.15,163100,28.57,26,0.631,100.0
67130878,Greedy Heuristic,OK,True,21.28,173100,14.29,27,1.195,100.0
67130878,Heuristic + Beam Search,OK,True,21.28,173100,14.29,27,10.481,100.0
67130904,Rule + Semester Order,OK,True,15.38,172650,28.57,24,1.169,100.0
67130904,Greedy Heuristic,OK,True,15.38,172650,28.57,24,1.216,100.0
67130904,Heuristic + Beam Search,OK,True,15.38,172650,28.57,24,5.394,100.0
67130970,Rule + Semester Order,OK,True,13.46,131700,28.57,21,1.198,100.0
67130970,Greedy Heuristic,OK,True,13.46,131700,28.57,21,1.146,100.0
67130970,Heuristic + Beam Search,OK,True,13.46,131700,28.57,21,12.199,100.0
67131059,Rule + Semester Order,OK,True,8.77,111150,28.57,15,1.906,100.0
67131059,Greedy Heuristic,OK,True,8.77,111150,28.57,15,0.56,100.0
67131059,Heuristic + Beam Search,OK,True,8.77,111150,28.57,15,4.891,100.0
67131107,Rule + Semester Order,OK,True,10.71,111650,28.57,19,0.751,100.0
67131107,Greedy Heuristic,OK,True,10.71,111650,28.57,19,1.167,100.0
67131107,Heuristic + Beam Search,OK,True,10.71,111650,28.57,19,7.355,100.0
67131127,Rule + Semester Order,OK,True,14.29,142500,28.57,20,0.886,100.0
67131127,Greedy Heuristic,OK,True,14.29,142500,28.57,20,0.583,100.0
67131127,Heuristic + Beam Search,OK,True,14.29,142500,28.57,20,7.869,100.0
67131133,Rule + Semester Order,OK,True,18.37,163100,28.57,26,2.53,100.0
67131133,Greedy Heuristic,OK,True,18.37,163100,28.57,26,2.259,100.0
67131133,Heuristic + Beam Search,OK,True,18.37,163100,28.57,26,15.797,100.0
67131199,Rule + Semester Order,OK,True,8.62,121200,42.86,17,2.514,100.0
67131199,Greedy Heuristic,OK,True,8.62,121200,42.86,17,2.312,100.0
67131199,Heuristic + Beam Search,OK,True,8.62,121200,42.86,17,11.817,100.0
67131258,Rule + Semester Order,OK,True,13.46,131750,28.57,21,2.338,100.0
67131258,Greedy Heuristic,OK,True,13.46,131750,28.57,21,2.291,100.0
67131258,Heuristic + Beam Search,OK,True,13.46,131750,28.57,21,5.956,100.0
67131326,Rule + Semester Order,OK,True,16.33,172650,28.57,24,1.673,100.0
67131326,Greedy Heuristic,OK,True,16.33,172650,28.57,24,0.859,100.0
67131326,Heuristic + Beam Search,OK,True,16.33,172650,28.57,24,6.949,100.0
67131381,Rule + Semester Order,OK,True,12.07,141750,28.57,22,1.202,100.0
67131381,Greedy Heuristic,OK,True,12.07,141750,28.57,22,1.666,100.0
67131381,Heuristic + Beam Search,OK,True,12.07,141750,28.57,22,10.194,100.0
67131418,Rule + Semester Order,OK,True,9.09,121150,28.57,15,2.44,100.0
67131418,Greedy Heuristic,OK,True,9.09,121150,28.57,15,1.507,100.0
67131418,Heuristic + Beam Search,OK,True,9.09,121150,28.57,15,3.478,100.0
67131461,Rule + Semester Order,OK,True,10.17,111650,28.57,19,0.556,100.0
67131461,Greedy Heuristic,OK,True,10.17,111650,28.57,19,0.464,100.0
67131461,Heuristic + Beam Search,OK,True,10.17,111650,28.57,19,6.348,100.0
67131572,Rule + Semester Order,OK,True,8.0,81000,28.57,11,1.47,100.0
67131572,Greedy Heuristic,OK,True,8.0,81000,28.57,11,2.209,100.0
67131572,Heuristic + Beam Search,OK,True,8.0,81000,28.57,11,4.996,100.0
67131708,Rule + Semester Order,OK,True,19.15,163100,28.57,26,1.349,100.0
67131708,Greedy Heuristic,OK,True,21.28,173100,14.29,27,1.645,100.0
67131708,Heuristic + Beam Search,OK,True,21.28,173100,14.29,27,11.141,100.0
67131794,Rule + Semester Order,OK,True,8.93,111150,28.57,15,1.104,100.0
67131794,Greedy Heuristic,OK,True,8.93,111150,28.57,15,0.769,100.0
67131794,Heuristic + Beam Search,OK,True,8.93,111150,28.57,15,3.976,100.0
67131934,Rule + Semester Order,OK,True,18.75,163100,28.57,26,1.066,100.0
67131934,Greedy Heuristic,OK,True,20.83,173100,14.29,27,0.589,100.0
67131934,Heuristic + Beam Search,OK,True,20.83,173100,14.29,27,4.554,100.0
67132003,Rule + Semester Order,OK,True,7.84,81100,42.86,12,0.552,100.0
67132003,Greedy Heuristic,OK,True,7.84,81100,42.86,12,0.633,100.0
67132003,Heuristic + Beam Search,OK,True,7.84,81100,42.86,12,2.189,100.0
67132270,Rule + Semester Order,OK,True,18.37,182750,28.57,27,1.072,100.0
67132270,Greedy Heuristic,OK,True,20.41,193050,0.0,27,1.033,100.0
67132270,Heuristic + Beam Search,OK,True,20.41,193050,0.0,27,4.593,100.0
67132293,Rule + Semester Order,OK,True,14.55,172650,28.57,24,0.641,100.0
67132293,Greedy Heuristic,OK,True,14.55,172650,28.57,24,0.592,100.0
67132293,Heuristic + Beam Search,OK,True,14.55,172650,28.57,24,3.636,100.0
67132420,Rule + Semester Order,OK,True,18.0,182650,14.29,26,0.551,100.0
67132420,Greedy Heuristic,OK,True,20.0,193050,0.0,27,0.677,100.0
67132420,Heuristic + Beam Search,OK,True,20.0,193050,0.0,27,6.574,100.0
67132482,Rule + Semester Order,OK,True,16.33,172650,28.57,24,0.911,100.0
67132482,Greedy Heuristic,OK,True,16.33,172650,28.57,24,0.899,100.0
67132482,Heuristic + Beam Search,OK,True,16.33,172650,28.57,24,5.749,100.0
67132510,Rule + Semester Order,OK,True,13.21,131750,28.57,21,0.949,100.0
67132510,Greedy Heuristic,OK,True,13.21,131750,28.57,21,0.868,100.0
67132510,Heuristic + Beam Search,OK,True,13.21,131750,28.57,21,5.656,100.0
67132547,Rule + Semester Order,OK,True,9.09,111150,28.57,15,2.037,100.0
67132547,Greedy Heuristic,OK,True,9.09,111150,28.57,15,0.509,100.0
67132547,Heuristic + Beam Search,OK,True,9.09,111150,28.57,15,6.886,100.0
67132586,Rule + Semester Order,OK,True,19.15,163100,28.57,26,2.396,100.0
67132586,Greedy Heuristic,OK,True,21.28,173100,14.29,27,1.348,100.0
67132586,Heuristic + Beam Search,OK,True,21.28,173100,14.29,27,12.162,100.0
67132612,Rule + Semester Order,OK,True,14.58,142500,28.57,20,2.262,100.0
67132612,Greedy Heuristic,OK,True,14.58,142500,28.57,20,1.688,100.0
67132612,Heuristic + Beam Search,OK,True,14.58,142500,28.57,20,6.667,100.0
67132776,Rule + Semester Order,OK,True,14.29,143000,28.57,24,1.669,100.0
67132776,Greedy Heuristic,OK,True,14.29,143000,28.57,24,1.618,100.0
67132776,Heuristic + Beam Search,OK,True,14.29,143000,28.57,24,8.721,100.0
67132811,Rule + Semester Order,OK,True,7.55,91100,42.86,12,0.555,100.0
67132811,Greedy Heuristic,OK,True,7.55,91100,42.86,12,0.664,100.0
67132811,Heuristic + Beam Search,OK,True,7.55,91100,42.86,12,5.715,100.0
67132920,Rule + Semester Order,OK,True,18.75,163100,28.57,26,1.286,100.0
67132920,Greedy Heuristic,OK,True,20.83,173100,14.29,27,1.26,100.0
67132920,Heuristic + Beam Search,OK,True,20.83,173100,14.29,27,11.533,100.0
67132992,Rule + Semester Order,OK,True,14.58,142600,42.86,21,2.453,100.0
67132992,Greedy Heuristic,OK,True,14.58,142600,42.86,21,2.355,100.0
67132992,Heuristic + Beam Search,OK,True,14.58,142600,42.86,21,11.19,100.0
67133010,Rule + Semester Order,OK,True,17.65,182750,28.57,27,1.937,100.0
67133010,Greedy Heuristic,OK,True,19.61,193050,0.0,27,1.404,100.0
67133010,Heuristic + Beam Search,OK,True,19.61,193050,0.0,27,8.778,100.0
67133189,Rule + Semester Order,OK,True,14.29,142500,28.57,20,0.686,100.0
67133189,Greedy Heuristic,OK,True,14.29,142500,28.57,20,0.569,100.0
67133189,Heuristic + Beam Search,OK,True,14.29,142500,28.57,20,3.096,100.0
67133216,Rule + Semester Order,OK,True,16.0,172750,42.86,25,0.616,100.0
67133216,Greedy Heuristic,OK,True,20.0,193050,0.0,27,0.594,100.0
67133216,Heuristic + Beam Search,OK,True,20.0,193050,0.0,27,4.754,100.0
67133461,Rule + Semester Order,OK,True,7.27,91050,28.57,13,0.562,100.0
67133461,Greedy Heuristic,OK,True,7.27,91050,28.57,13,0.54,100.0
67133461,Heuristic + Beam Search,OK,True,7.27,91050,28.57,13,2.121,100.0
67133517,Rule + Semester Order,OK,True,9.68,111700,42.86,19,1.08,100.0
67133517,Greedy Heuristic,OK,True,9.68,111700,42.86,19,0.934,100.0
67133517,Heuristic + Beam Search,OK,True,9.68,111700,42.86,19,8.085,100.0
67133692,Rule + Semester Order,OK,True,10.0,111150,28.57,15,1.285,100.0
67133692,Greedy Heuristic,OK,True,10.0,111150,28.57,15,1.121,100.0
67133692,Heuristic + Beam Search,OK,True,10.0,111150,28.57,15,4.892,100.0
67133771,Rule + Semester Order,OK,True,19.15,163100,28.57,26,1.526,100.0
67133771,Greedy Heuristic,OK,True,21.28,173100,14.29,27,1.565,100.0
67133771,Heuristic + Beam Search,OK,True,21.28,173100,14.29,27,15.173,100.0
67133807,Rule + Semester Order,OK,True,5.66,61000,42.86,10,0.807,100.0
67133807,Greedy Heuristic,OK,True,5.66,61000,42.86,10,0.716,100.0
67133807,Heuristic + Beam Search,OK,True,5.66,61000,42.86,10,2.592,100.0
67133855,Rule + Semester Order,OK,True,18.37,182750,28.57,27,0.756,100.0
67133855,Greedy Heuristic,OK,True,20.41,193050,0.0,27,0.7,100.0
67133855,Heuristic + Beam Search,OK,True,20.41,193050,0.0,27,6.79,100.0
67133910,Rule + Semester Order,OK,True,9.62,121150,28.57,15,1.464,100.0
67133910,Greedy Heuristic,OK,True,9.62,121150,28.57,15,1.252,100.0
67133910,Heuristic + Beam Search,OK,True,9.62,121150,28.57,15,4.188,100.0
67134054,Rule + Semester Order,OK,True,19.15,163100,28.57,26,0.896,100.0
67134054,Greedy Heuristic,OK,True,21.28,173100,14.29,27,0.871,100.0
67134054,Heuristic + Beam Search,OK,True,21.28,173100,14.29,27,8.289,100.0
67134169,Rule + Semester Order,OK,True,9.09,111250,42.86,16,1.134,100.0
67134169,Greedy Heuristic,OK,True,9.09,111250,42.86,16,0.939,100.0
67134169,Heuristic + Beam Search,OK,True,9.09,111250,42.86,16,5.789,100.0
67132745,Rule + Semester Order,OK,True,9.43,81600,42.86,16,1.429,100.0
67132745,Greedy Heuristic,OK,True,9.43,81600,42.86,16,1.354,100.0
67132745,Heuristic + Beam Search,OK,True,9.43,81600,42.86,16,5.69,100.0
67130040,Rule + Semester Order,OK,True,14.89,142500,28.57,20,1.068,100.0
67130040,Greedy Heuristic,OK,True,14.89,142500,28.57,20,0.849,100.0
67130040,Heuristic + Beam Search,OK,True,14.89,142500,28.57,20,5.069,100.0
67130201,Rule + Semester Order,OK,True,15.38,182750,42.86,25,1.093,100.0
67130201,Greedy Heuristic,OK,True,19.23,203050,0.0,27,1.07,100.0
67130201,Heuristic + Beam Search,OK,True,19.23,203050,0.0,27,8.464,100.0
67130261,Rule + Semester Order,OK,True,16.33,172650,28.57,24,1.25,100.0
67130261,Greedy Heuristic,OK,True,16.33,172650,28.57,24,0.972,100.0
67130261,Heuristic + Beam Search,OK,True,16.33,172650,28.57,24,9.584,100.0
67130274,Rule + Semester Order,OK,True,19.15,163200,42.86,27,0.996,100.0
67130274,Greedy Heuristic,OK,True,21.28,173100,14.29,27,0.934,100.0
67130274,Heuristic + Beam Search,OK,True,21.28,173100,14.29,27,9.119,100.0
67130371,Rule + Semester Order,OK,True,9.84,151400,42.86,19,0.952,100.0
67130371,Greedy Heuristic,OK,True,9.84,151400,42.86,19,0.936,100.0
67130371,Heuristic + Beam Search,OK,True,9.84,151400,42.86,19,6.567,100.0
67130425,Rule + Semester Order,OK,True,18.37,173200,42.86,27,1.182,100.0
67130425,Greedy Heuristic,OK,True,20.41,183100,14.29,27,1.009,100.0
67130425,Heuristic + Beam Search,OK,True,20.41,183100,14.29,27,8.777,100.0
67130516,Rule + Semester Order,OK,True,7.55,91050,28.57,13,0.932,100.0
67130516,Greedy Heuristic,OK,True,7.55,91050,28.57,13,0.832,100.0
67130516,Heuristic + Beam Search,OK,True,7.55,91050,28.57,13,3.993,100.0
67130557,Rule + Semester Order,OK,True,18.75,163100,28.57,26,1.198,100.0
67130557,Greedy Heuristic,OK,True,20.83,173100,14.29,27,1.228,100.0
67130557,Heuristic + Beam Search,OK,True,20.83,173100,14.29,27,8.522,100.0
67130591,Rule + Semester Order,OK,True,16.33,172650,28.57,24,1.01,100.0
67130591,Greedy Heuristic,OK,True,16.33,172650,28.57,24,0.966,100.0
67130591,Heuristic + Beam Search,OK,True,16.33,172650,28.57,24,7.118,100.0
67130625,Rule + Semester Order,OK,True,17.65,182750,28.57,27,1.282,100.0
67130625,Greedy Heuristic,OK,True,19.61,192650,0.0,27,1.157,100.0
67130625,Heuristic + Beam Search,OK,True,19.61,192650,0.0,27,9.103,100.0
67130740,Rule + Semester Order,OK,True,8.16,90900,14.29,10,1.431,100.0
67130740,Greedy Heuristic,OK,True,8.16,90900,14.29,10,0.873,100.0
67130740,Heuristic + Beam Search,OK,True,8.16,90900,14.29,10,1.804,100.0
67130879,Rule + Semester Order,OK,True,19.15,163200,42.86,27,0.837,100.0
67130879,Greedy Heuristic,OK,True,21.28,173100,14.29,27,0.906,100.0
67130879,Heuristic + Beam Search,OK,True,21.28,173100,14.29,27,8.787,100.0
67130925,Rule + Semester Order,OK,True,8.0,81100,42.86,12,0.876,100.0
67130925,Greedy Heuristic,OK,True,8.0,81100,42.86,12,0.796,100.0
67130925,Heuristic + Beam Search,OK,True,8.0,81100,42.86,12,4.01,100.0
67131015,Rule + Semester Order,OK,True,14.0,112200,42.86,21,0.949,100.0
67131015,Greedy Heuristic,OK,True,14.0,112200,42.86,21,0.963,100.0
67131015,Heuristic + Beam Search,OK,True,14.0,112200,42.86,21,6.316,100.0
67131070,Rule + Semester Order,OK,True,16.0,172650,28.57,24,1.17,100.0
67131070,Greedy Heuristic,OK,True,16.0,172650,28.57,24,1.096,100.0
67131070,Heuristic + Beam Search,OK,True,16.0,172650,28.57,24,5.428,100.0
67131114,Rule + Semester Order,OK,True,10.91,111700,42.86,19,0.565,100.0
67131114,Greedy Heuristic,OK,True,10.91,111700,42.86,19,0.554,100.0
67131114,Heuristic + Beam Search,OK,True,10.91,111700,42.86,19,5.897,100.0
67131130,Rule + Semester Order,OK,True,15.38,172650,28.57,24,0.581,100.0
67131130,Greedy Heuristic,OK,True,15.38,172650,28.57,24,0.576,100.0
67131130,Heuristic + Beam Search,OK,True,15.38,172650,28.57,24,5.673,100.0
67131152,Rule + Semester Order,OK,True,15.69,142250,28.57,24,0.917,100.0
67131152,Greedy Heuristic,OK,True,15.69,142250,28.57,24,0.864,100.0
67131152,Heuristic + Beam Search,OK,True,15.69,142250,28.57,24,6.465,100.0
67131208,Rule + Semester Order,OK,True,9.09,111250,42.86,16,1.045,100.0
67131208,Greedy Heuristic,OK,True,9.09,111250,42.86,16,0.955,100.0
67131208,Heuristic + Beam Search,OK,True,9.09,111250,42.86,16,5.236,100.0
67131264,Rule + Semester Order,OK,True,12.5,131800,42.86,21,0.779,100.0
67131264,Greedy Heuristic,OK,True,12.5,131800,42.86,21,0.668,100.0
67131264,Heuristic + Beam Search,OK,True,12.5,131800,42.86,21,5.477,100.0
67131327,Rule + Semester Order,OK,True,9.09,111150,28.57,15,0.764,100.0
67131327,Greedy Heuristic,OK,True,9.09,111150,28.57,15,1.12,100.0
67131327,Heuristic + Beam Search,OK,True,9.09,111150,28.57,15,5.55,100.0
67131383,Rule + Semester Order,OK,True,15.09,131850,28.57,23,0.874,100.0
67131383,Greedy Heuristic,OK,True,15.09,131850,28.57,23,0.881,100.0
67131383,Heuristic + Beam Search,OK,True,15.09,131850,28.57,23,7.028,100.0
67131438,Rule + Semester Order,OK,True,9.09,111250,42.86,16,0.811,100.0
67131438,Greedy Heuristic,OK,True,9.09,111250,42.86,16,0.662,100.0
67131438,Heuristic + Beam Search,OK,True,9.09,111250,42.86,16,5.335,100.0
67131473,Rule + Semester Order,OK,True,14.29,221800,42.86,26,0.726,100.0
67131473,Greedy Heuristic,OK,True,15.87,232100,14.29,27,0.591,100.0
67131473,Heuristic + Beam Search,OK,True,15.87,232100,14.29,27,6.347,100.0
67131616,Rule + Semester Order,OK,True,15.38,172750,42.86,25,1.739,100.0
67131616,Greedy Heuristic,OK,True,15.38,172750,42.86,25,1.626,100.0
67131616,Heuristic + Beam Search,OK,True,15.38,172750,42.86,25,9.255,100.0
67131786,Rule + Semester Order,OK,True,13.46,131750,28.57,21,0.957,100.0
67131786,Greedy Heuristic,OK,True,13.46,131750,28.57,21,0.937,100.0
67131786,Heuristic + Beam Search,OK,True,13.46,131750,28.57,21,6.326,100.0
67131796,Rule + Semester Order,OK,True,10.91,151300,42.86,19,1.244,100.0
67131796,Greedy Heuristic,OK,True,10.91,151300,42.86,19,1.235,100.0
67131796,Heuristic + Beam Search,OK,True,10.91,151300,42.86,19,7.374,100.0
67131996,Rule + Semester Order,OK,True,16.0,172750,42.86,25,1.954,100.0
67131996,Greedy Heuristic,OK,True,20.0,193050,0.0,27,1.436,100.0
67131996,Heuristic + Beam Search,OK,True,20.0,193050,0.0,27,10.574,100.0
67132108,Rule + Semester Order,OK,True,14.89,142500,28.57,20,1.918,100.0
67132108,Greedy Heuristic,OK,True,14.89,142500,28.57,20,1.223,100.0
67132108,Heuristic + Beam Search,OK,True,14.89,142500,28.57,20,4.391,100.0
67132272,Rule + Semester Order,OK,True,12.73,131750,28.57,21,0.856,100.0
67132272,Greedy Heuristic,OK,True,12.73,131750,28.57,21,0.854,100.0
67132272,Heuristic + Beam Search,OK,True,12.73,131750,28.57,21,6.257,100.0
67132307,Rule + Semester Order,OK,True,14.89,142600,42.86,21,0.886,100.0
67132307,Greedy Heuristic,OK,True,14.89,142600,42.86,21,1.071,100.0
67132307,Heuristic + Beam Search,OK,True,14.89,142600,42.86,21,7.017,100.0
67132459,Rule + Semester Order,OK,True,18.75,173200,42.86,27,1.287,100.0
67132459,Greedy Heuristic,OK,True,20.83,183100,14.29,27,1.179,100.0
67132459,Heuristic + Beam Search,OK,True,20.83,183100,14.29,27,7.967,100.0
67132494,Rule + Semester Order,OK,True,16.33,172650,28.57,24,0.939,100.0
67132494,Greedy Heuristic,OK,True,16.33,172650,28.57,24,0.932,100.0
67132494,Heuristic + Beam Search,OK,True,16.33,172650,28.57,24,8.378,100.0
67132515,Rule + Semester Order,OK,True,16.67,112100,14.29,21,0.818,100.0
67132515,Greedy Heuristic,OK,True,16.67,112100,14.29,21,0.759,100.0
67132515,Heuristic + Beam Search,OK,True,16.67,112100,14.29,21,4.384,100.0
67132551,Rule + Semester Order,OK,True,7.69,91150,42.86,14,2.869,100.0
67132551,Greedy Heuristic,OK,True,7.69,91150,42.86,14,0.92,100.0
67132551,Heuristic + Beam Search,OK,True,7.69,91150,42.86,14,11.813,100.0
67132569,Rule + Semester Order,OK,True,17.65,182750,28.57,27,3.792,100.0
67132569,Greedy Heuristic,OK,True,19.61,193050,0.0,27,1.597,100.0
67132569,Heuristic + Beam Search,OK,True,19.61,193050,0.0,27,10.645,100.0
67132591,Rule + Semester Order,OK,True,7.41,91100,42.86,12,1.385,100.0
67132591,Greedy Heuristic,OK,True,7.41,91100,42.86,12,1.796,100.0
67132591,Heuristic + Beam Search,OK,True,7.41,91100,42.86,12,7.193,100.0
67132623,Rule + Semester Order,OK,True,16.98,163100,28.57,26,0.983,100.0
67132623,Greedy Heuristic,OK,True,16.98,163100,28.57,26,1.73,100.0
67132623,Heuristic + Beam Search,OK,True,16.98,163100,28.57,26,8.599,100.0
67132780,Rule + Semester Order,OK,True,14.89,142400,14.29,19,1.768,100.0
67132780,Greedy Heuristic,OK,True,14.89,142400,14.29,19,0.772,100.0
67132780,Heuristic + Beam Search,OK,True,14.89,142400,14.29,19,6.44,100.0
67132861,Rule + Semester Order,OK,True,19.15,163100,28.57,26,1.389,100.0
67132861,Greedy Heuristic,OK,True,21.28,173100,14.29,27,1.7,100.0
67132861,Heuristic + Beam Search,OK,True,21.28,173100,14.29,27,13.22,100.0
67132923,Rule + Semester Order,OK,True,14.89,142600,42.86,21,1.016,100.0
67132923,Greedy Heuristic,OK,True,14.89,142600,42.86,21,1.367,100.0
67132923,Heuristic + Beam Search,OK,True,14.89,142600,42.86,21,9.976,100.0
67133001,Rule + Semester Order,OK,True,18.75,163200,42.86,27,1.75,100.0
67133001,Greedy Heuristic,OK,True,20.83,173100,14.29,27,1.673,100.0
67133001,Heuristic + Beam Search,OK,True,20.83,173100,14.29,27,13.848,100.0
67133036,Rule + Semester Order,OK,True,14.89,142500,28.57,20,0.963,100.0
67133036,Greedy Heuristic,OK,True,14.89,142500,28.57,20,2.141,100.0
67133036,Heuristic + Beam Search,OK,True,14.89,142500,28.57,20,4.487,100.0
67133183,Rule + Semester Order,OK,True,12.0,101700,42.86,18,1.354,100.0
67133183,Greedy Heuristic,OK,True,12.0,101700,42.86,18,2.47,100.0
67133183,Heuristic + Beam Search,OK,True,12.0,101700,42.86,18,13.024,100.0
67133194,Rule + Semester Order,OK,True,15.22,142400,14.29,19,0.969,100.0
67133194,Greedy Heuristic,OK,True,15.22,142400,14.29,19,0.959,100.0
67133194,Heuristic + Beam Search,OK,True,15.22,142400,14.29,19,2.484,100.0
67133226,Rule + Semester Order,OK,True,16.0,172750,42.86,25,0.797,100.0
67133226,Greedy Heuristic,OK,True,20.0,193050,0.0,27,1.352,100.0
67133226,Heuristic + Beam Search,OK,True,20.0,193050,0.0,27,6.685,100.0
67133467,Rule + Semester Order,OK,True,7.84,81000,28.57,11,1.056,100.0
67133467,Greedy Heuristic,OK,True,7.84,81000,28.57,11,1.059,100.0
67133467,Heuristic + Beam Search,OK,True,7.84,81000,28.57,11,4.071,100.0
67133518,Rule + Semester Order,OK,True,11.29,141850,42.86,23,1.245,100.0
67133518,Greedy Heuristic,OK,True,11.29,141850,42.86,23,1.356,100.0
67133518,Heuristic + Beam Search,OK,True,11.29,141850,42.86,23,6.544,100.0
67133733,Rule + Semester Order,OK,True,16.33,172750,42.86,25,1.229,100.0
67133733,Greedy Heuristic,OK,True,16.33,172750,42.86,25,1.339,100.0
67133733,Heuristic + Beam Search,OK,True,16.33,172750,42.86,25,9.612,100.0
67133772,Rule + Semester Order,OK,True,19.15,163100,28.57,26,1.327,100.0
67133772,Greedy Heuristic,OK,True,21.28,173100,14.29,27,1.549,100.0
67133772,Heuristic + Beam Search,OK,True,21.28,173100,14.29,27,13.203,100.0
67133853,Rule + Semester Order,OK,True,16.0,172750,42.86,25,0.702,100.0
67133853,Greedy Heuristic,OK,True,16.0,172750,42.86,25,0.537,100.0
67133853,Heuristic + Beam Search,OK,True,16.0,172750,42.86,25,11.212,100.0
67133870,Rule + Semester Order,OK,True,15.38,172750,42.86,25,1.598,100.0
67133870,Greedy Heuristic,OK,True,19.23,193050,0.0,27,1.267,100.0
67133870,Heuristic + Beam Search,OK,True,19.23,193050,0.0,27,16.132,100.0
67134016,Rule + Semester Order,OK,True,12.5,212100,42.86,21,1.124,100.0
67134016,Greedy Heuristic,OK,True,12.5,212100,42.86,21,1.29,100.0
67134016,Heuristic + Beam Search,OK,True,12.5,212100,42.86,21,18.096,100.0
67134058,Rule + Semester Order,OK,True,18.37,182750,28.57,27,2.068,100.0
67134058,Greedy Heuristic,OK,True,20.41,193050,0.0,27,2.419,100.0
67134058,Heuristic + Beam Search,OK,True,20.41,193050,0.0,27,18.475,100.0
67134185,Rule + Semester Order,OK,True,14.89,142500,28.57,20,2.407,100.0
67134185,Greedy Heuristic,OK,True,14.89,142500,28.57,20,2.395,100.0
67134185,Heuristic + Beam Search,OK,True,14.89,142500,28.57,20,5.529,100.0
67130132,Rule + Semester Order,OK,True,12.73,131750,28.57,21,0.938,100.0
67130132,Greedy Heuristic,OK,True,12.73,131750,28.57,21,1.883,100.0
67130132,Heuristic + Beam Search,OK,True,12.73,131750,28.57,21,8.287,100.0
67130216,Rule + Semester Order,OK,True,14.89,142500,28.57,20,1.202,100.0
67130216,Greedy Heuristic,OK,True,14.89,142500,28.57,20,1.338,100.0
67130216,Heuristic + Beam Search,OK,True,14.89,142500,28.57,20,10.286,100.0
67130260,Rule + Semester Order,OK,True,15.09,141750,14.29,22,0.732,100.0
67130260,Greedy Heuristic,OK,True,15.09,141750,14.29,22,2.258,100.0
67130260,Heuristic + Beam Search,OK,True,15.09,141750,14.29,22,8.381,100.0
67130349,Rule + Semester Order,OK,True,14.89,142500,28.57,20,2.374,100.0
67130349,Greedy Heuristic,OK,True,14.89,142500,28.57,20,1.993,100.0
67130349,Heuristic + Beam Search,OK,True,14.89,142500,28.57,20,8.681,100.0
67130397,Rule + Semester Order,OK,True,19.15,163100,28.57,26,2.448,100.0
67130397,Greedy Heuristic,OK,True,21.28,173100,14.29,27,2.333,100.0
67130397,Heuristic + Beam Search,OK,True,21.28,173100,14.29,27,18.084,100.0
67130501,Rule + Semester Order,OK,True,9.62,111150,28.57,15,2.337,100.0
67130501,Greedy Heuristic,OK,True,9.62,111150,28.57,15,2.096,100.0
67130501,Heuristic + Beam Search,OK,True,9.62,111150,28.57,15,10.095,100.0
67130536,Rule + Semester Order,OK,True,10.17,111750,42.86,20,2.514,100.0
67130536,Greedy Heuristic,OK,True,10.17,111750,42.86,20,1.974,100.0
67130536,Heuristic + Beam Search,OK,True,10.17,111750,42.86,20,6.224,100.0
67130572,Rule + Semester Order,OK,True,9.52,151350,42.86,17,1.134,100.0
67130572,Greedy Heuristic,OK,True,9.52,151350,42.86,17,1.72,100.0
67130572,Heuristic + Beam Search,OK,True,9.52,151350,42.86,17,10.581,100.0
67130592,Rule + Semester Order,OK,True,10.0,111700,42.86,19,2.616,100.0
67130592,Greedy Heuristic,OK,True,10.0,111700,42.86,19,1.541,100.0
67130592,Heuristic + Beam Search,OK,True,10.0,111700,42.86,19,8.964,100.0
67130649,Rule + Semester Order,OK,True,7.55,81000,28.57,11,0.907,100.0
67130649,Greedy Heuristic,OK,True,7.55,81000,28.57,11,1.155,100.0
67130649,Heuristic + Beam Search,OK,True,7.55,81000,28.57,11,5.398,100.0
67130861,Rule + Semester Order,OK,True,14.58,112100,28.57,20,0.714,100.0
67130861,Greedy Heuristic,OK,True,14.58,112100,28.57,20,1.714,100.0
67130861,Heuristic + Beam Search,OK,True,14.58,112100,28.57,20,8.66,100.0
67130895,Rule + Semester Order,OK,True,8.0,81000,28.57,11,2.031,100.0
67130895,Greedy Heuristic,OK,True,8.0,81000,28.57,11,2.105,100.0
67130895,Heuristic + Beam Search,OK,True,8.0,81000,28.57,11,5.972,100.0
67130947,Rule + Semester Order,OK,True,13.21,131750,28.57,21,1.771,100.0
67130947,Greedy Heuristic,OK,True,13.21,131750,28.57,21,2.243,100.0
67130947,Heuristic + Beam Search,OK,True,13.21,131750,28.57,21,14.465,100.0
67131040,Rule + Semester Order,OK,True,14.89,142500,28.57,20,2.232,100.0
67131040,Greedy Heuristic,OK,True,14.89,142500,28.57,20,0.981,100.0
67131040,Heuristic + Beam Search,OK,True,14.89,142500,28.57,20,7.081,100.0
67131101,Rule + Semester Order,OK,True,12.96,141750,28.57,21,1.957,100.0
67131101,Greedy Heuristic,OK,True,12.96,141750,28.57,21,1.13,100.0
67131101,Heuristic + Beam Search,OK,True,12.96,141750,28.57,21,7.51,100.0
67131121,Rule + Semester Order,OK,True,9.26,111250,42.86,16,0.964,100.0
67131121,Greedy Heuristic,OK,True,9.26,111250,42.86,16,0.551,100.0
67131121,Heuristic + Beam Search,OK,True,9.26,111250,42.86,16,3.084,100.0
67131131,Rule + Semester Order,OK,True,19.15,163100,28.57,26,0.547,100.0
67131131,Greedy Heuristic,OK,True,21.28,173100,14.29,27,0.52,100.0
67131131,Heuristic + Beam Search,OK,True,21.28,173100,14.29,27,4.756,100.0
67131178,Rule + Semester Order,OK,True,14.52,262350,42.86,27,0.629,100.0
67131178,Greedy Heuristic,OK,True,17.74,301950,14.29,27,0.556,100.0
67131178,Heuristic + Beam Search,OK,True,17.74,301950,14.29,27,8.168,100.0
67131237,Rule + Semester Order,OK,True,12.24,101600,28.57,17,0.701,100.0
67131237,Greedy Heuristic,OK,True,12.24,101600,28.57,17,1.046,100.0
67131237,Heuristic + Beam Search,OK,True,12.24,101600,28.57,17,6.118,100.0
67131275,Rule + Semester Order,OK,True,14.89,142500,28.57,20,0.896,100.0
67131275,Greedy Heuristic,OK,True,14.89,142500,28.57,20,0.953,100.0
67131275,Heuristic + Beam Search,OK,True,14.89,142500,28.57,20,7.959,100.0
67131338,Rule + Semester Order,OK,True,19.15,163100,28.57,26,1.493,100.0
67131338,Greedy Heuristic,OK,True,21.28,173100,14.29,27,1.308,100.0
67131338,Heuristic + Beam Search,OK,True,21.28,173100,14.29,27,6.84,100.0
67131413,Rule + Semester Order,OK,True,16.33,172650,28.57,24,1.109,100.0
67131413,Greedy Heuristic,OK,True,16.33,172650,28.57,24,1.364,100.0
67131413,Heuristic + Beam Search,OK,True,16.33,172650,28.57,24,10.506,100.0
67131460,Rule + Semester Order,OK,True,10.17,111650,28.57,19,1.171,100.0
67131460,Greedy Heuristic,OK,True,10.17,111650,28.57,19,0.597,100.0
67131460,Heuristic + Beam Search,OK,True,10.17,111650,28.57,19,6.99,100.0
67131495,Rule + Semester Order,OK,True,15.09,172750,42.86,25,1.635,100.0
67131495,Greedy Heuristic,OK,True,15.09,172750,42.86,25,1.57,100.0
67131495,Heuristic + Beam Search,OK,True,15.09,172750,42.86,25,8.557,100.0
67131663,Rule + Semester Order,OK,True,16.0,172750,42.86,25,1.726,100.0
67131663,Greedy Heuristic,OK,True,20.0,193050,0.0,27,1.576,100.0
67131663,Heuristic + Beam Search,OK,True,20.0,193050,0.0,27,11.162,100.0
67131790,Rule + Semester Order,OK,True,13.73,142500,28.57,20,2.264,100.0
67131790,Greedy Heuristic,OK,True,13.73,142500,28.57,20,2.213,100.0
67131790,Heuristic + Beam Search,OK,True,13.73,142500,28.57,20,10.281,100.0
67131893,Rule + Semester Order,OK,True,10.53,111650,28.57,19,1.503,100.0
67131893,Greedy Heuristic,OK,True,10.53,111650,28.57,19,1.498,100.0
67131893,Heuristic + Beam Search,OK,True,10.53,111650,28.57,19,8.475,100.0
67132001,Rule + Semester Order,OK,True,9.09,111150,28.57,15,2.731,100.0
67132001,Greedy Heuristic,OK,True,9.09,111150,28.57,15,2.085,100.0
67132001,Heuristic + Beam Search,OK,True,9.09,111150,28.57,15,10.592,100.0
67132152,Rule + Semester Order,OK,True,18.0,163200,42.86,27,2.502,100.0
67132152,Greedy Heuristic,OK,True,18.0,163200,42.86,27,1.498,100.0
67132152,Heuristic + Beam Search,OK,True,18.0,163200,42.86,27,11.131,100.0
67132276,Rule + Semester Order,OK,True,7.41,81100,42.86,12,1.521,100.0
67132276,Greedy Heuristic,OK,True,7.41,81100,42.86,12,1.475,100.0
67132276,Heuristic + Beam Search,OK,True,7.41,81100,42.86,12,6.31,100.0
67132480,Rule + Semester Order,OK,True,11.48,141850,42.86,23,1.203,100.0
67132480,Greedy Heuristic,OK,True,11.48,141850,42.86,23,1.599,100.0
67132480,Heuristic + Beam Search,OK,True,11.48,141850,42.86,23,11.53,100.0
67132507,Rule + Semester Order,OK,True,14.89,142500,28.57,20,2.438,100.0
67132507,Greedy Heuristic,OK,True,14.89,142500,28.57,20,2.278,100.0
67132507,Heuristic + Beam Search,OK,True,14.89,142500,28.57,20,10.484,100.0
67132539,Rule + Semester Order,OK,True,11.54,101600,28.57,17,1.527,100.0
67132539,Greedy Heuristic,OK,True,11.54,101600,28.57,17,1.465,100.0
67132539,Heuristic + Beam Search,OK,True,11.54,101600,28.57,17,7.838,100.0
67132555,Rule + Semester Order,OK,True,14.58,142500,28.57,20,1.714,100.0
67132555,Greedy Heuristic,OK,True,14.58,142500,28.57,20,1.117,100.0
67132555,Heuristic + Beam Search,OK,True,14.58,142500,28.57,20,11.429,100.0
67132561,Rule + Semester Order,OK,True,18.37,182750,28.57,27,2.455,100.0
67132561,Greedy Heuristic,OK,True,20.41,193050,0.0,27,1.495,100.0
67132561,Heuristic + Beam Search,OK,True,20.41,193050,0.0,27,16.968,100.0
67132574,Rule + Semester Order,OK,True,16.33,172650,28.57,24,0.879,100.0
67132574,Greedy Heuristic,OK,True,16.33,172650,28.57,24,0.891,100.0
67132574,Heuristic + Beam Search,OK,True,16.33,172650,28.57,24,8.673,100.0
67132600,Rule + Semester Order,OK,True,18.0,182750,28.57,27,1.417,100.0
67132600,Greedy Heuristic,OK,True,20.0,193050,0.0,27,0.641,100.0
67132600,Heuristic + Beam Search,OK,True,20.0,193050,0.0,27,9.208,100.0
67132754,Rule + Semester Order,OK,True,16.33,172650,28.57,24,1.518,100.0
67132754,Greedy Heuristic,OK,True,16.33,172650,28.57,24,1.311,100.0
67132754,Heuristic + Beam Search,OK,True,16.33,172650,28.57,24,7.305,100.0
67132803,Rule + Semester Order,OK,True,18.37,182750,28.57,27,1.384,100.0
67132803,Greedy Heuristic,OK,True,20.41,193050,0.0,27,1.026,100.0
67132803,Heuristic + Beam Search,OK,True,20.41,193050,0.0,27,9.886,100.0
67132900,Rule + Semester Order,OK,True,14.58,142500,28.57,20,1.27,100.0
67132900,Greedy Heuristic,OK,True,14.58,142500,28.57,20,1.265,100.0
67132900,Heuristic + Beam Search,OK,True,14.58,142500,28.57,20,5.485,100.0
67132968,Rule + Semester Order,OK,True,18.75,163100,28.57,26,0.75,100.0
67132968,Greedy Heuristic,OK,True,20.83,173100,14.29,27,0.762,100.0
67132968,Heuristic + Beam Search,OK,True,20.83,173100,14.29,27,8.296,100.0
67133003,Rule + Semester Order,OK,True,14.0,142500,28.57,20,0.934,100.0
67133003,Greedy Heuristic,OK,True,14.0,142500,28.57,20,1.152,100.0
67133003,Heuristic + Beam Search,OK,True,14.0,142500,28.57,20,10.0,100.0
67133171,Rule + Semester Order,OK,True,19.15,163100,28.57,26,2.79,100.0
67133171,Greedy Heuristic,OK,True,21.28,173100,14.29,27,1.637,100.0
67133171,Heuristic + Beam Search,OK,True,21.28,173100,14.29,27,9.562,100.0
67133186,Rule + Semester Order,OK,True,14.89,142500,28.57,20,1.771,100.0
67133186,Greedy Heuristic,OK,True,14.89,142500,28.57,20,1.646,100.0
67133186,Heuristic + Beam Search,OK,True,14.89,142500,28.57,20,6.952,100.0
67133200,Rule + Semester Order,OK,True,18.37,182750,28.57,27,0.867,100.0
67133200,Greedy Heuristic,OK,True,20.41,193050,0.0,27,1.023,100.0
67133200,Heuristic + Beam Search,OK,True,20.41,193050,0.0,27,8.682,100.0
67133276,Rule + Semester Order,OK,True,14.89,142500,28.57,20,1.1,100.0
67133276,Greedy Heuristic,OK,True,14.89,142500,28.57,20,1.149,100.0
67133276,Heuristic + Beam Search,OK,True,14.89,142500,28.57,20,6.453,100.0
67133506,Rule + Semester Order,OK,True,19.15,163100,28.57,26,1.043,100.0
67133506,Greedy Heuristic,OK,True,21.28,173100,14.29,27,0.946,100.0
67133506,Heuristic + Beam Search,OK,True,21.28,173100,14.29,27,7.744,100.0
67133660,Rule + Semester Order,OK,True,14.89,142500,28.57,20,1.531,100.0
67133660,Greedy Heuristic,OK,True,14.89,142500,28.57,20,0.937,100.0
67133660,Heuristic + Beam Search,OK,True,14.89,142500,28.57,20,6.221,100.0
67133758,Rule + Semester Order,OK,True,13.73,131850,42.86,22,1.424,100.0
67133758,Greedy Heuristic,OK,True,13.73,131850,42.86,22,1.214,100.0
67133758,Heuristic + Beam Search,OK,True,13.73,131850,42.86,22,8.15,100.0
67133806,Rule + Semester Order,OK,True,14.89,142500,28.57,20,0.806,100.0
67133806,Greedy Heuristic,OK,True,14.89,142500,28.57,20,0.802,100.0
67133806,Heuristic + Beam Search,OK,True,14.89,142500,28.57,20,7.832,100.0
67133852,Rule + Semester Order,OK,True,19.15,163100,28.57,26,1.822,100.0
67133852,Greedy Heuristic,OK,True,21.28,173100,14.29,27,1.096,100.0
67133852,Heuristic + Beam Search,OK,True,21.28,173100,14.29,27,9.452,100.0
67133886,Rule + Semester Order,OK,True,16.0,172650,28.57,24,1.842,100.0
67133886,Greedy Heuristic,OK,True,16.0,172650,28.57,24,1.709,100.0
67133886,Heuristic + Beam Search,OK,True,16.0,172650,28.57,24,9.031,100.0
67134023,Rule + Semester Order,OK,True,10.53,111750,42.86,20,1.771,100.0
67134023,Greedy Heuristic,OK,True,10.53,111750,42.86,20,1.753,100.0
67134023,Heuristic + Beam Search,OK,True,10.53,111750,42.86,20,7.646,100.0
67134081,Rule + Semester Order,OK,True,9.8,111100,28.57,13,1.477,100.0
67134081,Greedy Heuristic,OK,True,9.8,111100,28.57,13,0.785,100.0
67134081,Heuristic + Beam Search,OK,True,9.8,111100,28.57,13,6.276,100.0
67132718,Rule + Semester Order,OK,True,13.21,131700,28.57,19,1.334,100.0
67132718,Greedy Heuristic,OK,True,13.21,131700,28.57,19,1.026,100.0
67132718,Heuristic + Beam Search,OK,True,13.21,131700,28.57,19,10.8,100.0
66130304,Rule + Semester Order,OK,True,11.67,212450,57.14,25,1.606,100.0
66130304,Greedy Heuristic,OK,True,15.0,252850,28.57,27,1.012,100.0
66130304,Heuristic + Beam Search,OK,True,15.0,252750,14.29,27,13.352,100.0
66131498,Rule + Semester Order,OK,True,11.11,162950,57.14,24,2.502,100.0
66131498,Greedy Heuristic,OK,True,11.11,162950,57.14,24,3.033,100.0
66131498,Heuristic + Beam Search,OK,True,11.11,162950,57.14,24,8.919,100.0
66132448,Rule + Semester Order,OK,True,15.79,272350,42.86,26,1.277,100.0
66132448,Greedy Heuristic,OK,True,17.54,292650,14.29,27,2.775,100.0
66132448,Heuristic + Beam Search,OK,True,17.54,292650,14.29,27,16.593,100.0
66133195,Rule + Semester Order,OK,True,11.86,202750,57.14,25,3.251,100.0
66133195,Greedy Heuristic,OK,True,13.56,223150,42.86,27,3.067,100.0
66133195,Heuristic + Beam Search,OK,True,13.56,223150,42.86,27,10.085,100.0
66134101,Rule + Semester Order,OK,True,16.07,272350,42.86,26,1.037,100.0
66134101,Greedy Heuristic,OK,True,17.86,292650,14.29,27,1.5,100.0
66134101,Heuristic + Beam Search,OK,True,17.86,292650,14.29,27,14.791,100.0
66134289,Rule + Semester Order,OK,True,13.79,242650,57.14,27,3.293,100.0
66134289,Greedy Heuristic,OK,True,17.24,282550,14.29,27,3.122,100.0
66134289,Heuristic + Beam Search,OK,True,17.24,282550,14.29,27,17.011,100.0
66134487,Rule + Semester Order,OK,True,12.07,212400,57.14,25,2.166,100.0
66134487,Greedy Heuristic,OK,True,15.52,252800,28.57,27,3.405,100.0
66134487,Heuristic + Beam Search,OK,True,15.52,252700,14.29,27,15.952,100.0
66130373,Rule + Semester Order,OK,True,13.21,212400,57.14,25,2.249,100.0
66130373,Greedy Heuristic,OK,True,16.98,252800,28.57,27,3.187,100.0
66130373,Heuristic + Beam Search,OK,True,16.98,252700,14.29,27,21.815,100.0
66130446,Rule + Semester Order,OK,True,13.11,223250,57.14,27,2.886,100.0
66130446,Greedy Heuristic,OK,True,13.11,223250,57.14,27,1.734,100.0
66130446,Heuristic + Beam Search,OK,True,13.11,223250,57.14,27,17.928,100.0
66131465,Rule + Semester Order,OK,True,10.87,122350,28.57,18,1.601,100.0
66131465,Greedy Heuristic,OK,True,10.87,122350,28.57,18,1.496,100.0
66131465,Heuristic + Beam Search,OK,True,10.87,122350,28.57,18,5.696,100.0
66133012,Rule + Semester Order,OK,True,11.76,152700,42.86,23,2.091,100.0
66133012,Greedy Heuristic,OK,True,11.76,152700,42.86,23,2.14,100.0
66133012,Heuristic + Beam Search,OK,True,11.76,152700,42.86,23,15.675,100.0
66130449,Rule + Semester Order,OK,True,11.76,162650,42.86,21,1.674,100.0
66130449,Greedy Heuristic,OK,True,11.76,162650,42.86,21,2.103,100.0
66130449,Heuristic + Beam Search,OK,True,11.76,162650,42.86,21,13.865,100.0
66131220,Rule + Semester Order,OK,True,6.38,71800,42.86,14,2.463,100.0
66131220,Greedy Heuristic,OK,True,6.38,71800,42.86,14,3.261,100.0
66131220,Heuristic + Beam Search,OK,True,6.38,71800,42.86,14,9.133,100.0
66131494,Rule + Semester Order,OK,True,11.48,212450,57.14,25,2.238,100.0
66131494,Greedy Heuristic,OK,True,14.75,252850,28.57,27,3.739,100.0
66131494,Heuristic + Beam Search,OK,True,14.75,252750,14.29,27,16.908,100.0
66134207,Rule + Semester Order,OK,True,13.33,152050,14.29,20,2.98,100.0
66134207,Greedy Heuristic,OK,True,13.33,152050,14.29,20,1.474,100.0
66134207,Heuristic + Beam Search,OK,True,13.33,152050,14.29,20,6.217,100.0
66135094,Rule + Semester Order,OK,True,13.21,182750,14.29,20,1.325,100.0
66135094,Greedy Heuristic,OK,True,13.21,182750,14.29,20,0.961,100.0
66135094,Heuristic + Beam Search,OK,True,13.21,182750,14.29,20,7.883,100.0
